# ************************************************************
# Sequel Pro SQL dump
# Version 4541
#
# http://www.sequelpro.com/
# https://github.com/sequelpro/sequelpro
#
# Host: 127.0.0.1 (MySQL 5.5.5-10.2.14-MariaDB)
# Database: SOAPBOX
# Generation Time: 2018-07-06 13:24:02 +0000
# ************************************************************


/*!40101 SET @OLD_CHARACTER_SET_CLIENT=@@CHARACTER_SET_CLIENT */;
/*!40101 SET @OLD_CHARACTER_SET_RESULTS=@@CHARACTER_SET_RESULTS */;
/*!40101 SET @OLD_COLLATION_CONNECTION=@@COLLATION_CONNECTION */;
/*!40101 SET NAMES utf8 */;
/*!40014 SET @OLD_FOREIGN_KEY_CHECKS=@@FOREIGN_KEY_CHECKS, FOREIGN_KEY_CHECKS=0 */;
/*!40101 SET @OLD_SQL_MODE=@@SQL_MODE, SQL_MODE='NO_AUTO_VALUE_ON_ZERO' */;
/*!40111 SET @OLD_SQL_NOTES=@@SQL_NOTES, SQL_NOTES=0 */;


# Dump of table ACHIEVEMENT_DEFINITION
# ------------------------------------------------------------

DROP TABLE IF EXISTS `ACHIEVEMENT_DEFINITION`;

CREATE TABLE `ACHIEVEMENT_DEFINITION` (
  `id` int(11) NOT NULL AUTO_INCREMENT,
  `friendlyIdentifier` varchar(255) CHARACTER SET utf8 COLLATE utf8_unicode_ci DEFAULT NULL,
  `isVisible` bit(1) DEFAULT NULL,
  `progressText` varchar(255) CHARACTER SET utf8 COLLATE utf8_unicode_ci DEFAULT NULL,
  `statConversion` varchar(255) CHARACTER SET utf8 COLLATE utf8_unicode_ci DEFAULT NULL,
  `badgeDefinitionId` bigint(20) DEFAULT NULL,
  PRIMARY KEY (`id`),
  KEY `FK_ACHDEF_BADGEDEF` (`badgeDefinitionId`),
  CONSTRAINT `FK_ACHDEF_BADGEDEF` FOREIGN KEY (`badgeDefinitionId`) REFERENCES `BADGEDEFINITION` (`id`),
  CONSTRAINT `FKks13tnkjyrteo12s7mqqk2f9s` FOREIGN KEY (`badgeDefinitionId`) REFERENCES `BADGEDEFINITION` (`id`)
) ENGINE=InnoDB DEFAULT CHARSET=utf8;

LOCK TABLES `ACHIEVEMENT_DEFINITION` WRITE;
/*!40000 ALTER TABLE `ACHIEVEMENT_DEFINITION` DISABLE KEYS */;

INSERT INTO `ACHIEVEMENT_DEFINITION` (`id`, `friendlyIdentifier`, `isVisible`, `progressText`, `statConversion`, `badgeDefinitionId`)
VALUES
	(1,'achievement_ACH_WIN_RACES_ACLASS',b'1','GM_ACHIEVEMENT_000001C6','None',30),
	(2,'achievement_ACH_WIN_RACES_BCLASS',b'1','GM_ACHIEVEMENT_000001B6','None',10),
	(3,'achievement_ACH_WIN_RACES_CCLASS',b'1','GM_ACHIEVEMENT_000001C8','None',32),
	(4,'achievement_ACH_WIN_RACES_DCLASS',b'1','GM_ACHIEVEMENT_000001CD','None',41),
	(5,'achievement_ACH_WIN_RACES_ECLASS',b'1','GM_ACHIEVEMENT_000001EB','None',92),
	(6,'achievement_ACH_WIN_RACES_SCLASS',b'1','GM_ACHIEVEMENT_000001C4','None',28),
	(7,'achievement_ACH_WIN_DRAG',b'1','GM_ACHIEVEMENT_0000014D','None',49),
	(8,'achievement_ACH_INCUR_COSTTOSTATE',b'1','GM_ACHIEVEMENT_000001AD','None',1),
	(9,'achievement_ACH_PURSUIT',b'1','GM_ACHIEVEMENT_00000030','None',4),
	(10,'achievement_ACH_COPSDISABLED_TE',b'1','GM_ACHIEVEMENT_000001BB','None',17),
	(11,'achievement_ACH_DODGE_ROADBLOCK_TE',b'1','GM_ACHIEVEMENT_000001DF','None',71),
	(12,'achievement_ACH_CLOCKED_AIRTIME',b'1','GM_ACHIEVEMENT_000001AE','FromMillisecondsToMinutes',2),
	(13,'achievement_ACH_DRIVE_MILES',b'1','GM_ACHIEVEMENT_000000DA','FromMetersToDistance',74),
	(14,'achievement_ACH_INSTALL_AFTERMARKETPART',b'1','GM_ACHIEVEMENT_000000E3','None',78),
	(15,'achievement_ACH_OWN_CAR',b'1','GM_ACHIEVEMENT_000001DA','None',61),
	(16,'achievement_ACH_EARN_CASH_EVENT',b'1','GM_ACHIEVEMENT_000001B2','None',89),
	(17,'achievement_ACH_INSTALL_PERFORMANCEPART',b'1','GM_ACHIEVEMENT_000001E3','None',76),
	(18,'achievement_ACH_INSTALL_PAINTS',b'1','GM_ACHIEVEMENT_0000007E','None',31),
	(19,'achievement_ACH_REACH_DRIVERLEVEL',b'1','GM_ACHIEVEMENT_000001B8','None',13),
	(20,'achievement_ACH_EARN_DRIVERSCORE',b'1','GM_ACHIEVEMENT_000001B3','None',6),
	(21,'achievement_ACH_INSTALL_VINYLS',b'1','GM_ACHIEVEMENT_000000B3','None',56),
	(22,'achievement_ACH_PARTICIPATE_OPENBETA',b'0','GM_ACHIEVEMENT_00000049','None',84),
	(23,'achievement_ACH_IS_DEVELOPER',b'0','GM_ACHIEVEMENT_00000049','None',59),
	(24,'achievement_ACH_OWN_ALFAROMEO',b'1','GM_ACHIEVEMENT_0000011F','None',25),
	(25,'achievement_ACH_OWN_ASTONMARTIN',b'1','GM_ACHIEVEMENT_00000119','None',15),
	(26,'achievement_ACH_OWN_AUDI',b'1','GM_ACHIEVEMENT_00000128','None',46),
	(27,'achievement_ACH_OWN_BENTLEY',b'1','GM_ACHIEVEMENT_00000120','None',27),
	(28,'achievement_ACH_OWN_BMW',b'1','GM_ACHIEVEMENT_0000012C','None',53),
	(29,'achievement_ACH_OWN_CADILLAC',b'1','GM_ACHIEVEMENT_0000011B','None',19),
	(30,'achievement_ACH_OWN_CATERHAM',b'1','GM_ACHIEVEMENT_000001AA','None',57),
	(31,'achievement_ACH_OWN_CHEVROLET',b'1','GM_ACHIEVEMENT_0000012F','None',62),
	(32,'achievement_ACH_OWN_CHRYSLER',b'1','GM_ACHIEVEMENT_00000123','None',36),
	(33,'achievement_ACH_OWN_DODGE',b'1','GM_ACHIEVEMENT_0000023D','None',26),
	(34,'achievement_ACH_OWN_FORD',b'1','GM_ACHIEVEMENT_0000012B','None',50),
	(35,'achievement_ACH_OWN_FORDSHELBY',b'1','GM_ACHIEVEMENT_00000124','None',38),
	(36,'achievement_ACH_OWN_HUMMER',b'1','GM_ACHIEVEMENT_0000011E','None',24),
	(37,'achievement_ACH_OWN_INFINITI',b'1','GM_ACHIEVEMENT_00000127','None',44),
	(38,'achievement_ACH_OWN_JAGUAR',b'1','GM_ACHIEVEMENT_00000133','None',77),
	(39,'achievement_ACH_OWN_JEEP',b'1','GM_ACHIEVEMENT_000001A8','None',33),
	(40,'achievement_ACH_OWN_KOENIGSEGG',b'1','GM_ACHIEVEMENT_00000139','None',93),
	(41,'achievement_ACH_OWN_LAMBORGHINI',b'1','GM_ACHIEVEMENT_00000134','None',80),
	(42,'achievement_ACH_OWN_LANCIA',b'1','GM_ACHIEVEMENT_0000011C','None',20),
	(43,'achievement_ACH_OWN_LEXUS',b'1','GM_ACHIEVEMENT_00000114','None',3),
	(44,'achievement_ACH_OWN_LOTUS',b'1','GM_ACHIEVEMENT_00000132','None',68),
	(45,'achievement_ACH_OWN_MARUSSIA',b'1','GM_ACHIEVEMENT_00000137','None',87),
	(46,'achievement_ACH_OWN_MAZDA',b'1','GM_ACHIEVEMENT_00000121','None',29),
	(47,'achievement_ACH_OWN_MCLAREN',b'1','GM_ACHIEVEMENT_00000115','None',5),
	(48,'achievement_ACH_OWN_MERCEDES-BENZ',b'1','GM_ACHIEVEMENT_00000040','None',9),
	(49,'achievement_ACH_OWN_MITSUBISHI',b'1','GM_ACHIEVEMENT_00000118','None',14),
	(50,'achievement_ACH_OWN_NISSAN',b'1','GM_ACHIEVEMENT_00000126','None',43),
	(51,'achievement_ACH_OWN_PAGANI',b'1','GM_ACHIEVEMENT_0000011D','None',21),
	(52,'achievement_ACH_OWN_PLYMOUTH',b'1','GM_ACHIEVEMENT_00000129','None',47),
	(53,'achievement_ACH_OWN_PONTIAC',b'1','GM_ACHIEVEMENT_00000130','None',63),
	(54,'achievement_ACH_OWN_PORSCHE',b'1','GM_ACHIEVEMENT_0000012D','None',55),
	(55,'achievement_ACH_OWN_RENAULTSPORT',b'1','GM_ACHIEVEMENT_00000122','None',35),
	(56,'achievement_ACH_OWN_SCION',b'1','GM_ACHIEVEMENT_00000131','None',64),
	(57,'achievement_ACH_OWN_SHELBY',b'1','GM_ACHIEVEMENT_0000011A','None',18),
	(58,'achievement_ACH_OWN_SUBARU',b'1','GM_ACHIEVEMENT_00000117','None',11),
	(59,'achievement_ACH_OWN_TOYOTA',b'1','GM_ACHIEVEMENT_00000135','None',81),
	(60,'achievement_ACH_OWN_VAUXHALL',b'1','GM_ACHIEVEMENT_00000125','None',40),
	(61,'achievement_ACH_OWN_VOLKSWAGEN',b'1','GM_ACHIEVEMENT_00000136','None',85),
	(62,'achievement_ACH_USE_NOS',b'1','GM_ACHIEVEMENT_0000026D','None',96),
	(63,'achievement_ACH_PLAY_EVENTS',b'1','GM_ACHIEVEMENT_00000106','None',94),
	(64,'achievement_ACH_COMPLETE_TH',b'1','GM_ACHIEVEMENT_000001EA','None',91),
	(65,'achievement_ACH_WINSTREAK_TH',b'1','GM_ACHIEVEMENT_00000067','None',22);

/*!40000 ALTER TABLE `ACHIEVEMENT_DEFINITION` ENABLE KEYS */;
UNLOCK TABLES;


# Dump of table ACHIEVEMENT_RANK
# ------------------------------------------------------------

DROP TABLE IF EXISTS `ACHIEVEMENT_RANK`;

CREATE TABLE `ACHIEVEMENT_RANK` (
  `id` int(11) NOT NULL AUTO_INCREMENT,
  `isRare` bit(1) DEFAULT NULL,
  `points` smallint(6) DEFAULT NULL,
  `rank` smallint(6) DEFAULT NULL,
  `rarity` float DEFAULT NULL,
  `rewardDescription` varchar(255) CHARACTER SET utf8 COLLATE utf8_unicode_ci DEFAULT NULL,
  `rewardType` varchar(255) CHARACTER SET utf8 COLLATE utf8_unicode_ci DEFAULT NULL,
  `rewardVisualStyle` varchar(255) CHARACTER SET utf8 COLLATE utf8_unicode_ci DEFAULT NULL,
  `thresholdValue` bigint(20) DEFAULT NULL,
  `achievementId` int(11) DEFAULT NULL,
  PRIMARY KEY (`id`),
  KEY `FK_ACHRANK_ACHDEF` (`achievementId`),
  CONSTRAINT `FK_ACHRANK_ACHDEF` FOREIGN KEY (`achievementId`) REFERENCES `ACHIEVEMENT_DEFINITION` (`id`),
  CONSTRAINT `FKpmxdrsigqtgogbudp9ousbb3i` FOREIGN KEY (`achievementId`) REFERENCES `ACHIEVEMENT_DEFINITION` (`id`)
) ENGINE=InnoDB DEFAULT CHARSET=utf8;

LOCK TABLES `ACHIEVEMENT_RANK` WRITE;
/*!40000 ALTER TABLE `ACHIEVEMENT_RANK` DISABLE KEYS */;

INSERT INTO `ACHIEVEMENT_RANK` (`id`, `isRare`, `points`, `rank`, `rarity`, `rewardDescription`, `rewardType`, `rewardVisualStyle`, `thresholdValue`, `achievementId`)
VALUES
	(1,b'1',50,1,NULL,'GM_ACHIEVEMENT_00000226','aftermarket','achievements_rewards',5,1),
	(2,b'1',50,2,NULL,'GM_ACHIEVEMENT_0000016B','cash','achievements_rewards',25,1),
	(3,b'1',50,3,NULL,'GM_ACHIEVEMENT_00000186','skillmod','achievements_rewards',50,1),
	(4,b'1',50,4,NULL,'GM_ACHIEVEMENT_00000183','cash','achievements_rewards',125,1),
	(5,b'1',50,5,NULL,'GM_ACHIEVEMENT_0000017D','cardpack','platinum',250,1),
	(6,b'1',50,1,NULL,'GM_ACHIEVEMENT_00000228','aftermarket','achievements_rewards',5,2),
	(7,b'1',50,2,NULL,'GM_ACHIEVEMENT_0000016B','cash','achievements_rewards',25,2),
	(8,b'1',50,3,NULL,'GM_ACHIEVEMENT_00000186','skillmod','achievements_rewards',50,2),
	(9,b'1',50,4,NULL,'GM_ACHIEVEMENT_00000183','cash','achievements_rewards',125,2),
	(10,b'1',50,5,NULL,'GM_ACHIEVEMENT_00000192','cardpack','skillmods_gold_race',250,2),
	(11,b'1',25,1,NULL,'GM_ACHIEVEMENT_00000165','cash','achievements_rewards',5,3),
	(12,b'1',25,2,NULL,'GM_ACHIEVEMENT_00000237','performance','achievements_rewards',25,3),
	(13,b'1',25,3,NULL,'GM_ACHIEVEMENT_0000016B','cash','achievements_rewards',50,3),
	(14,b'1',25,4,NULL,'GM_ACHIEVEMENT_00000186','skillmod','achievements_rewards',125,3),
	(15,b'1',25,5,NULL,'GM_ACHIEVEMENT_00000185','cardpack','gold',250,3),
	(16,b'1',25,1,NULL,'GM_ACHIEVEMENT_00000165','cash','achievements_rewards',5,4),
	(17,b'1',25,2,NULL,'GM_ACHIEVEMENT_0000023C','performance','achievements_rewards',25,4),
	(18,b'1',25,3,NULL,'GM_ACHIEVEMENT_0000016B','cash','achievements_rewards',50,4),
	(19,b'1',25,4,NULL,'GM_ACHIEVEMENT_00000186','skillmod','achievements_rewards',125,4),
	(20,b'1',25,5,NULL,'GM_ACHIEVEMENT_00000185','cardpack','gold',250,4),
	(21,b'1',25,1,NULL,'GM_ACHIEVEMENT_00000165','cash','achievements_rewards',5,5),
	(22,b'1',25,2,NULL,'GM_ACHIEVEMENT_00000241','performance','achievements_rewards',25,5),
	(23,b'1',25,3,NULL,'GM_ACHIEVEMENT_0000016B','cash','achievements_rewards',50,5),
	(24,b'1',25,4,NULL,'GM_ACHIEVEMENT_00000186','skillmod','achievements_rewards',125,5),
	(25,b'1',25,5,NULL,'GM_ACHIEVEMENT_00000185','cardpack','gold',250,5),
	(26,b'1',50,1,NULL,'GM_ACHIEVEMENT_00000245','aftermarket','achievements_rewards',5,6),
	(27,b'1',50,2,NULL,'GM_ACHIEVEMENT_0000016B','cash','achievements_rewards',25,6),
	(28,b'1',50,3,NULL,'GM_ACHIEVEMENT_0000022E','aftermarket','achievements_rewards',50,6),
	(29,b'1',50,4,NULL,'GM_ACHIEVEMENT_00000263','aftermarket','achievements_rewards',125,6),
	(30,b'1',50,5,NULL,'GM_ACHIEVEMENT_00000193','cardpack','cardpack_carprize',250,6),
	(31,b'0',25,1,NULL,'GM_ACHIEVEMENT_00000179','skillmod','achievements_rewards',10,7),
	(32,b'1',25,2,NULL,'GM_ACHIEVEMENT_0000016B','cash','achievements_rewards',50,7),
	(33,b'1',25,3,NULL,'GM_ACHIEVEMENT_0000017A','skillmod','achievements_rewards',200,7),
	(34,b'1',25,4,NULL,'GM_ACHIEVEMENT_00000183','cash','achievements_rewards',750,7),
	(35,b'1',25,5,NULL,'GM_ACHIEVEMENT_00000192','cardpack','skillmods_gold_race',2500,7),
	(36,b'0',10,1,NULL,'GM_ACHIEVEMENT_0000018F','skillmod','achievements_rewards',50000,8),
	(37,b'0',10,2,NULL,'GM_ACHIEVEMENT_00000169','powerup','achievements_rewards',250000,8),
	(38,b'0',10,3,NULL,'GM_ACHIEVEMENT_0000016B','cash','achievements_rewards',1000000,8),
	(39,b'1',10,4,NULL,'GM_ACHIEVEMENT_00000190','powerup','achievements_rewards',5000000,8),
	(40,b'1',10,5,NULL,'GM_ACHIEVEMENT_0000016C','skillmod','achievements_rewards',25000000,8),
	(41,b'0',10,1,NULL,'GM_ACHIEVEMENT_0000019A','powerup','achievements_rewards',10,9),
	(42,b'1',10,2,NULL,'GM_ACHIEVEMENT_00000171','skillmod','achievements_rewards',50,9),
	(43,b'1',10,3,NULL,'GM_ACHIEVEMENT_0000019B','powerup','achievements_rewards',200,9),
	(44,b'1',10,4,NULL,'GM_ACHIEVEMENT_0000016B','cash','achievements_rewards',750,9),
	(45,b'1',10,5,NULL,'GM_ACHIEVEMENT_0000016C','skillmod','achievements_rewards',2000,9),
	(46,b'0',10,1,NULL,'GM_ACHIEVEMENT_0000026C','powerup','achievements_rewards',50,10),
	(47,b'0',10,2,NULL,'GM_ACHIEVEMENT_00000181','cardpack','mystery',150,10),
	(48,b'1',10,3,NULL,'GM_ACHIEVEMENT_00000174','powerup','achievements_rewards',500,10),
	(49,b'1',10,4,NULL,'GM_ACHIEVEMENT_00000197','skillmod','achievements_rewards',1200,10),
	(50,b'1',10,5,NULL,'GM_ACHIEVEMENT_00000198','cardpack','skillmods_gold_teamescape',3000,10),
	(51,b'0',10,1,NULL,'GM_ACHIEVEMENT_0000016A','powerup','achievements_rewards',25,11),
	(52,b'0',10,2,NULL,'GM_ACHIEVEMENT_00000226','aftermarket','achievements_rewards',100,11),
	(53,b'0',10,3,NULL,'GM_ACHIEVEMENT_00000181','cardpack','mystery',250,11),
	(54,b'1',10,4,NULL,'GM_ACHIEVEMENT_0000016B','cash','achievements_rewards',750,11),
	(55,b'1',10,5,NULL,'GM_ACHIEVEMENT_00000175','skillmod','achievements_rewards',1500,11),
	(56,b'0',10,1,NULL,'GM_ACHIEVEMENT_0000017F','powerup','achievements_rewards',60000,12),
	(57,b'1',10,2,NULL,'GM_ACHIEVEMENT_00000224','aftermarket','achievements_rewards',300000,12),
	(58,b'1',10,3,NULL,'GM_ACHIEVEMENT_00000181','cardpack','mystery',900000,12),
	(59,b'1',10,4,NULL,'GM_ACHIEVEMENT_0000016B','cash','achievements_rewards',1800000,12),
	(60,b'1',10,5,NULL,'GM_ACHIEVEMENT_00000225','aftermarket','achievements_rewards',3600000,12),
	(61,b'0',10,1,NULL,'GM_ACHIEVEMENT_0000024E','powerup','achievements_rewards',160935,13),
	(62,b'1',10,2,NULL,'GM_ACHIEVEMENT_00000165','cash','achievements_rewards',1609347,13),
	(63,b'1',10,3,NULL,'GM_ACHIEVEMENT_0000024F','powerup','achievements_rewards',8046723,13),
	(64,b'1',10,4,NULL,'GM_ACHIEVEMENT_00000166','cardpack','mystery',20116807,13),
	(65,b'1',10,5,NULL,'GM_ACHIEVEMENT_0000023A','aftermarket','achievements_rewards',40233613,13),
	(66,b'0',50,1,NULL,'GM_ACHIEVEMENT_0000017F','powerup','achievements_rewards',3,14),
	(67,b'1',50,2,NULL,'GM_ACHIEVEMENT_00000227','performance','achievements_rewards',15,14),
	(68,b'1',50,3,NULL,'GM_ACHIEVEMENT_00000181','cardpack','mystery',50,14),
	(69,b'1',50,4,NULL,'GM_ACHIEVEMENT_00000183','cash','achievements_rewards',200,14),
	(70,b'1',50,5,NULL,'GM_ACHIEVEMENT_00000187','car','achievements_rewards',500,14),
	(71,b'0',100,1,NULL,'GM_ACHIEVEMENT_0000022B','aftermarket','achievements_rewards',2,15),
	(72,b'1',100,2,NULL,'GM_ACHIEVEMENT_00000185','cardpack','gold',10,15),
	(73,b'1',100,3,NULL,'GM_ACHIEVEMENT_0000017E','aftermarket','achievements_rewards',30,15),
	(74,b'1',100,4,NULL,'GM_ACHIEVEMENT_0000017D','cardpack','platinum',70,15),
	(75,b'1',100,5,NULL,'GM_ACHIEVEMENT_0000018E','car','achievements_rewards',150,15),
	(76,b'0',10,1,NULL,'GM_ACHIEVEMENT_00000250','powerup','achievements_rewards',10000,16),
	(77,b'0',10,2,NULL,'GM_ACHIEVEMENT_00000251','aftermarket','achievements_rewards',500000,16),
	(78,b'1',10,3,NULL,'GM_ACHIEVEMENT_00000252','aftermarket','achievements_rewards',2500000,16),
	(79,b'1',10,4,NULL,'GM_ACHIEVEMENT_0000018B','cardpack','skillmods_gold_rewardsbooster',10000000,16),
	(80,b'1',10,5,NULL,'GM_ACHIEVEMENT_00000253','aftermarket','achievements_rewards',25000000,16),
	(81,b'1',25,1,NULL,'GM_ACHIEVEMENT_0000025B','skillmod','achievements_rewards',5,17),
	(82,b'1',25,2,NULL,'GM_ACHIEVEMENT_0000016B','cash','achievements_rewards',15,17),
	(83,b'1',25,3,NULL,'GM_ACHIEVEMENT_0000025C','aftermarket','achievements_rewards',50,17),
	(84,b'1',25,4,NULL,'GM_ACHIEVEMENT_00000183','cash','achievements_rewards',100,17),
	(85,b'1',25,5,NULL,'GM_ACHIEVEMENT_000001A7','car','achievements_rewards',200,17),
	(86,b'0',10,1,NULL,'GM_ACHIEVEMENT_0000017F','powerup','achievements_rewards',3,18),
	(87,b'1',10,2,NULL,'GM_ACHIEVEMENT_00000238','aftermarket','achievements_rewards',30,18),
	(88,b'1',10,3,NULL,'GM_ACHIEVEMENT_00000181','cardpack','mystery',100,18),
	(89,b'1',10,4,NULL,'GM_ACHIEVEMENT_0000023E','powerup','achievements_rewards',500,18),
	(90,b'1',10,5,NULL,'GM_ACHIEVEMENT_00000228','aftermarket','achievements_rewards',1000,18),
	(91,b'0',50,1,NULL,'GM_ACHIEVEMENT_00000241','performance','achievements_rewards',5,19),
	(92,b'0',50,2,NULL,'GM_ACHIEVEMENT_0000016B','cash','achievements_rewards',15,19),
	(93,b'0',50,3,NULL,'GM_ACHIEVEMENT_00000166','cardpack','mystery',30,19),
	(94,b'1',50,4,NULL,'GM_ACHIEVEMENT_0000024B','performance','achievements_rewards',45,19),
	(95,b'1',50,5,NULL,'GM_ACHIEVEMENT_00000194','aftermarket','achievements_rewards',60,19),
	(96,b'1',0,1,NULL,'GM_ACHIEVEMENT_00000192','cardpack','skillmods_gold_race',1000,20),
	(97,b'1',0,2,NULL,'GM_ACHIEVEMENT_0000017D','cardpack','platinum',2000,20),
	(98,b'1',0,3,NULL,'GM_ACHIEVEMENT_00000193','cardpack','cardpack_carprize',3000,20),
	(99,b'1',0,4,NULL,'GM_ACHIEVEMENT_00000191','aftermarket','achievements_rewards',4000,20),
	(100,b'1',0,5,NULL,'GM_ACHIEVEMENT_0000017C','car','achievements_rewards',5000,20),
	(101,b'0',10,1,NULL,'GM_ACHIEVEMENT_0000017F','powerup','achievements_rewards',10,21),
	(102,b'1',10,2,NULL,'GM_ACHIEVEMENT_00000233','aftermarket','achievements_rewards',100,21),
	(103,b'1',10,3,NULL,'GM_ACHIEVEMENT_00000234','powerup','achievements_rewards',500,21),
	(104,b'1',10,4,NULL,'GM_ACHIEVEMENT_00000181','cardpack','mystery',1000,21),
	(105,b'1',10,5,NULL,'GM_ACHIEVEMENT_00000235','aftermarket','achievements_rewards',2500,21),
	(106,b'1',0,1,NULL,'GM_ACHIEVEMENT_0000025D','aftermarket','achievements_rewards',1,22),
	(107,b'1',1337,1,NULL,'GM_ACHIEVEMENT_00000199','cardpack','achievements_rewards',1,23),
	(108,b'1',25,1,NULL,'GM_ACHIEVEMENT_0000022D','performance','achievements_rewards',1,24),
	(109,b'1',25,2,NULL,'GM_ACHIEVEMENT_0000022E','aftermarket','achievements_rewards',4,24),
	(110,b'1',25,3,NULL,'GM_ACHIEVEMENT_00000192','cardpack','skillmods_gold_race',10,24),
	(111,b'1',25,1,NULL,'GM_ACHIEVEMENT_00000229','performance','achievements_rewards',1,25),
	(112,b'1',25,2,NULL,'GM_ACHIEVEMENT_00000189','skillmod','achievements_rewards',4,25),
	(113,b'1',25,3,NULL,'GM_ACHIEVEMENT_0000022A','aftermarket','achievements_rewards',10,25),
	(114,b'0',25,1,NULL,'GM_ACHIEVEMENT_00000228','aftermarket','achievements_rewards',1,26),
	(115,b'1',25,2,NULL,'GM_ACHIEVEMENT_00000196','cardpack','silver',4,26),
	(116,b'1',25,3,NULL,'GM_ACHIEVEMENT_00000230','aftermarket','achievements_rewards',10,26),
	(117,b'1',25,1,NULL,'GM_ACHIEVEMENT_0000022B','aftermarket','achievements_rewards',1,27),
	(118,b'1',25,2,NULL,'GM_ACHIEVEMENT_00000196','cardpack','silver',4,27),
	(119,b'1',25,3,NULL,'GM_ACHIEVEMENT_0000022F','performance','achievements_rewards',10,27),
	(120,b'0',25,1,NULL,'GM_ACHIEVEMENT_00000231','performance','achievements_rewards',1,28),
	(121,b'1',25,2,NULL,'GM_ACHIEVEMENT_00000186','skillmod','achievements_rewards',4,28),
	(122,b'1',25,3,NULL,'GM_ACHIEVEMENT_00000232','aftermarket','achievements_rewards',10,28),
	(123,b'1',25,1,NULL,'GM_ACHIEVEMENT_0000022B','aftermarket','achievements_rewards',1,29),
	(124,b'1',25,2,NULL,'GM_ACHIEVEMENT_00000196','cardpack','silver',4,29),
	(125,b'1',25,3,NULL,'GM_ACHIEVEMENT_0000022C','performance','achievements_rewards',10,29),
	(126,b'1',25,1,NULL,'GM_ACHIEVEMENT_00000231','performance','achievements_rewards',1,30),
	(127,b'1',25,2,NULL,'GM_ACHIEVEMENT_00000236','skillmod','achievements_rewards',4,30),
	(128,b'1',25,3,NULL,'GM_ACHIEVEMENT_0000017D','cardpack','platinum',10,30),
	(129,b'1',25,1,NULL,'GM_ACHIEVEMENT_0000023A','aftermarket','achievements_rewards',1,31),
	(130,b'1',25,2,NULL,'GM_ACHIEVEMENT_00000186','skillmod','achievements_rewards',4,31),
	(131,b'1',25,3,NULL,'GM_ACHIEVEMENT_0000022E','aftermarket','achievements_rewards',10,31),
	(132,b'1',25,1,NULL,'GM_ACHIEVEMENT_00000238','aftermarket','achievements_rewards',1,32),
	(133,b'1',25,2,NULL,'GM_ACHIEVEMENT_00000166','cardpack','mystery',4,32),
	(134,b'1',25,3,NULL,'GM_ACHIEVEMENT_00000239','aftermarket','achievements_rewards',10,32),
	(135,b'0',25,1,NULL,'GM_ACHIEVEMENT_00000171','skillmod','achievements_rewards',1,33),
	(136,b'1',25,2,NULL,'GM_ACHIEVEMENT_00000166','cardpack','mystery',4,33),
	(137,b'1',25,3,NULL,'GM_ACHIEVEMENT_0000022E','aftermarket','achievements_rewards',10,33),
	(138,b'1',25,1,NULL,'GM_ACHIEVEMENT_00000238','aftermarket','achievements_rewards',1,34),
	(139,b'1',25,2,NULL,'GM_ACHIEVEMENT_0000023F','aftermarket','achievements_rewards',4,34),
	(140,b'1',25,3,NULL,'GM_ACHIEVEMENT_00000240','cardpack','skillmods_gold_pursuit',10,34),
	(141,b'1',25,1,NULL,'GM_ACHIEVEMENT_0000022B','performance','achievements_rewards',1,35),
	(142,b'1',25,2,NULL,'GM_ACHIEVEMENT_00000184','skillmod','achievements_rewards',4,35),
	(143,b'1',25,3,NULL,'GM_ACHIEVEMENT_00000185','cardpack','gold',10,35),
	(144,b'1',25,1,NULL,'GM_ACHIEVEMENT_00000242','performance','achievements_rewards',1,36),
	(145,b'1',25,2,NULL,'GM_ACHIEVEMENT_0000016C','skillmod','achievements_rewards',4,36),
	(146,b'1',25,3,NULL,'GM_ACHIEVEMENT_00000243','aftermarket','achievements_rewards',10,36),
	(147,b'1',25,1,NULL,'GM_ACHIEVEMENT_00000238','aftermarket','achievements_rewards',1,37),
	(148,b'1',25,2,NULL,'GM_ACHIEVEMENT_00000196','cardpack','silver',4,37),
	(149,b'1',25,3,NULL,'GM_ACHIEVEMENT_00000244','aftermarket','achievements_rewards',10,37),
	(150,b'1',25,1,NULL,'GM_ACHIEVEMENT_00000245','aftermarket','achievements_rewards',1,38),
	(151,b'1',25,2,NULL,'GM_ACHIEVEMENT_00000246','aftermarket','achievements_rewards',4,38),
	(152,b'1',25,3,NULL,'GM_ACHIEVEMENT_00000185','cardpack','gold',10,38),
	(153,b'1',25,1,NULL,'GM_ACHIEVEMENT_0000022B','aftermarket','achievements_rewards',1,39),
	(154,b'1',25,2,NULL,'GM_ACHIEVEMENT_00000181','cardpack','mystery',4,39),
	(155,b'1',25,3,NULL,'GM_ACHIEVEMENT_0000022C','performance','achievements_rewards',10,39),
	(156,b'1',25,1,NULL,'GM_ACHIEVEMENT_00000229','performance','achievements_rewards',1,40),
	(157,b'1',25,2,NULL,'GM_ACHIEVEMENT_00000236','skillmod','achievements_rewards',4,40),
	(158,b'1',25,3,NULL,'GM_ACHIEVEMENT_0000017D','cardpack','platinum',10,40),
	(159,b'0',25,1,NULL,'GM_ACHIEVEMENT_0000022D','performance','achievements_rewards',1,41),
	(160,b'1',25,2,NULL,'GM_ACHIEVEMENT_00000236','skillmod','achievements_rewards',4,41),
	(161,b'1',25,3,NULL,'GM_ACHIEVEMENT_00000249','aftermarket','achievements_rewards',10,41),
	(162,b'1',25,1,NULL,'GM_ACHIEVEMENT_00000247','aftermarket','achievements_rewards',1,42),
	(163,b'1',25,2,NULL,'GM_ACHIEVEMENT_00000166','cardpack','mystery',4,42),
	(164,b'1',25,3,NULL,'GM_ACHIEVEMENT_00000248','performance','achievements_rewards',10,42),
	(165,b'1',25,1,NULL,'GM_ACHIEVEMENT_0000022B','aftermarket','achievements_rewards',1,43),
	(166,b'1',25,2,NULL,'GM_ACHIEVEMENT_0000024A','aftermarket','achievements_rewards',4,43),
	(167,b'1',25,3,NULL,'GM_ACHIEVEMENT_00000185','cardpack','gold',10,43),
	(168,b'1',25,1,NULL,'GM_ACHIEVEMENT_0000022B','aftermarket','achievements_rewards',1,44),
	(169,b'1',25,2,NULL,'GM_ACHIEVEMENT_0000024D','aftermarket','achievements_rewards',4,44),
	(170,b'1',25,3,NULL,'GM_ACHIEVEMENT_00000185','cardpack','gold',10,44),
	(171,b'1',25,1,NULL,'GM_ACHIEVEMENT_0000022B','aftermarket','achievements_rewards',1,45),
	(172,b'1',25,2,NULL,'GM_ACHIEVEMENT_00000229','skillmod','achievements_rewards',4,45),
	(173,b'1',25,3,NULL,'GM_ACHIEVEMENT_0000023A','aftermarket','achievements_rewards',10,45),
	(174,b'0',25,1,NULL,'GM_ACHIEVEMENT_0000018D','skillmod','achievements_rewards',1,46),
	(175,b'1',25,2,NULL,'GM_ACHIEVEMENT_00000166','cardpack','mystery',4,46),
	(176,b'1',25,3,NULL,'GM_ACHIEVEMENT_0000024C','aftermarket','achievements_rewards',10,46),
	(177,b'1',25,1,NULL,'GM_ACHIEVEMENT_00000231','performance','achievements_rewards',1,47),
	(178,b'1',25,2,NULL,'GM_ACHIEVEMENT_00000236','skillmod','achievements_rewards',4,47),
	(179,b'1',25,3,NULL,'GM_ACHIEVEMENT_0000017D','cardpack','platinum',10,47),
	(180,b'1',25,1,NULL,'GM_ACHIEVEMENT_00000254','performance','achievements_rewards',1,48),
	(181,b'1',25,2,NULL,'GM_ACHIEVEMENT_00000189','skillmod','achievements_rewards',4,48),
	(182,b'1',25,3,NULL,'GM_ACHIEVEMENT_00000192','cardpack','skillmods_gold_race',10,48),
	(183,b'0',25,1,NULL,'GM_ACHIEVEMENT_0000018D','skillmod','achievements_rewards',1,49),
	(184,b'1',25,2,NULL,'GM_ACHIEVEMENT_00000166','cardpack','mystery',4,49),
	(185,b'1',25,3,NULL,'GM_ACHIEVEMENT_00000255','aftermarket','achievements_rewards',10,49),
	(186,b'0',25,1,NULL,'GM_ACHIEVEMENT_00000242','performance','achievements_rewards',1,50),
	(187,b'1',25,2,NULL,'GM_ACHIEVEMENT_00000184','skillmod','achievements_rewards',4,50),
	(188,b'1',25,3,NULL,'GM_ACHIEVEMENT_0000022E','aftermarket','achievements_rewards',10,50),
	(189,b'1',25,1,NULL,'GM_ACHIEVEMENT_0000022D','performance','achievements_rewards',1,51),
	(190,b'1',25,2,NULL,'GM_ACHIEVEMENT_00000236','skillmod','achievements_rewards',4,51),
	(191,b'1',25,3,NULL,'GM_ACHIEVEMENT_0000017D','cardpack','platinum',10,51),
	(192,b'1',25,1,NULL,'GM_ACHIEVEMENT_00000245','aftermarket','achievements_rewards',1,52),
	(193,b'1',25,2,NULL,'GM_ACHIEVEMENT_00000196','cardpack','silver',4,52),
	(194,b'1',25,3,NULL,'GM_ACHIEVEMENT_0000022E','aftermarket','achievements_rewards',10,52),
	(195,b'0',25,1,NULL,'GM_ACHIEVEMENT_00000259','performance','achievements_rewards',1,53),
	(196,b'1',25,2,NULL,'GM_ACHIEVEMENT_00000181','cardpack','mystery',4,53),
	(197,b'1',25,3,NULL,'GM_ACHIEVEMENT_0000022E','aftermarket','achievements_rewards',10,53),
	(198,b'1',25,1,NULL,'GM_ACHIEVEMENT_00000257','performance','achievements_rewards',1,54),
	(199,b'1',25,2,NULL,'GM_ACHIEVEMENT_00000184','skillmod','achievements_rewards',4,54),
	(200,b'1',25,3,NULL,'GM_ACHIEVEMENT_00000258','aftermarket','achievements_rewards',10,54),
	(201,b'1',25,1,NULL,'GM_ACHIEVEMENT_00000238','aftermarket','achievements_rewards',1,55),
	(202,b'1',25,2,NULL,'GM_ACHIEVEMENT_00000256','aftermarket','achievements_rewards',4,55),
	(203,b'1',25,3,NULL,'GM_ACHIEVEMENT_00000185','cardpack','gold',10,55),
	(204,b'1',25,1,NULL,'GM_ACHIEVEMENT_00000238','aftermarket','achievements_rewards',1,56),
	(205,b'1',25,2,NULL,'GM_ACHIEVEMENT_00000196','cardpack','silver',4,56),
	(206,b'1',25,3,NULL,'GM_ACHIEVEMENT_0000025A','aftermarket','achievements_rewards',10,56),
	(207,b'1',25,1,NULL,'GM_ACHIEVEMENT_00000261','aftermarket','achievements_rewards',1,57),
	(208,b'1',25,2,NULL,'GM_ACHIEVEMENT_00000196','cardpack','silver',4,57),
	(209,b'1',25,3,NULL,'GM_ACHIEVEMENT_00000262','performance','achievements_rewards',10,57),
	(210,b'1',25,1,NULL,'GM_ACHIEVEMENT_0000024A','aftermarket','achievements_rewards',1,58),
	(211,b'1',25,2,NULL,'GM_ACHIEVEMENT_00000184','skillmod','achievements_rewards',4,58),
	(212,b'1',25,3,NULL,'GM_ACHIEVEMENT_00000260','aftermarket','achievements_rewards',10,58),
	(213,b'1',25,1,NULL,'GM_ACHIEVEMENT_00000228','aftermarket','achievements_rewards',1,59),
	(214,b'1',25,2,NULL,'GM_ACHIEVEMENT_00000166','cardpack','mystery',4,59),
	(215,b'1',25,3,NULL,'GM_ACHIEVEMENT_00000264','aftermarket','achievements_rewards',10,59),
	(216,b'1',25,1,NULL,'GM_ACHIEVEMENT_0000023C','performance','achievements_rewards',1,60),
	(217,b'1',25,2,NULL,'GM_ACHIEVEMENT_00000196','cardpack','silver',4,60),
	(218,b'1',25,3,NULL,'GM_ACHIEVEMENT_0000022E','aftermarket','achievements_rewards',10,60),
	(219,b'0',25,1,NULL,'GM_ACHIEVEMENT_00000227','performance','achievements_rewards',1,61),
	(220,b'1',25,2,NULL,'GM_ACHIEVEMENT_00000181','cardpack','mystery',4,61),
	(221,b'1',25,3,NULL,'GM_ACHIEVEMENT_00000266','aftermarket','achievements_rewards',10,61),
	(222,b'0',10,1,NULL,'GM_ACHIEVEMENT_000001A6','skillmod','achievements_rewards',1,62),
	(223,b'0',10,2,NULL,'GM_ACHIEVEMENT_00000238','aftermarket','achievements_rewards',50,62),
	(224,b'0',10,3,NULL,'GM_ACHIEVEMENT_00000196','cardpack','silver',250,62),
	(225,b'1',10,4,NULL,'GM_ACHIEVEMENT_0000025E','aftermarket','achievements_rewards',1000,62),
	(226,b'1',10,5,NULL,'GM_ACHIEVEMENT_0000025F','skillmod','achievements_rewards',2500,62),
	(227,b'0',10,1,NULL,'GM_ACHIEVEMENT_0000017F','powerup','achievements_rewards',10,63),
	(228,b'0',10,2,NULL,'GM_ACHIEVEMENT_0000016B','cash','achievements_rewards',50,63),
	(229,b'1',10,3,NULL,'GM_ACHIEVEMENT_000001A4','aftermarket','achievements_rewards',250,63),
	(230,b'1',10,4,NULL,'GM_ACHIEVEMENT_00000183','cash','achievements_rewards',1000,63),
	(231,b'1',10,5,NULL,'GM_ACHIEVEMENT_000001A5','car','achievements_rewards',5000,63),
	(232,b'0',10,1,NULL,'GM_ACHIEVEMENT_0000018A','skillmod','achievements_rewards',1,64),
	(233,b'0',10,2,NULL,'GM_ACHIEVEMENT_0000016B','cash','achievements_rewards',25,64),
	(234,b'1',10,3,NULL,'GM_ACHIEVEMENT_00000265','aftermarket','achievements_rewards',100,64),
	(235,b'1',10,4,NULL,'GM_ACHIEVEMENT_0000018B','cardpack','skillmods_gold_rewardsbooster',250,64),
	(236,b'1',10,5,NULL,'GM_ACHIEVEMENT_00000193','cardpack','cardpack_carprize',500,64),
	(237,b'0',50,1,NULL,'GM_ACHIEVEMENT_0000018A','skillmod','achievements_rewards',3,65),
	(238,b'0',50,2,NULL,'GM_ACHIEVEMENT_0000016B','cash','achievements_rewards',7,65),
	(239,b'0',50,3,NULL,'GM_ACHIEVEMENT_0000023B','performance','achievements_rewards',30,65),
	(240,b'1',50,4,NULL,'GM_ACHIEVEMENT_0000018B','cardpack','skillmods_gold_rewardsbooster',90,65),
	(241,b'1',50,5,NULL,'GM_ACHIEVEMENT_0000018C','car','achievements_rewards',180,65);

/*!40000 ALTER TABLE `ACHIEVEMENT_RANK` ENABLE KEYS */;
UNLOCK TABLES;


# Dump of table ACHIEVEMENT_REWARD
# ------------------------------------------------------------

DROP TABLE IF EXISTS `ACHIEVEMENT_REWARD`;

CREATE TABLE `ACHIEVEMENT_REWARD` (
  `ID` bigint(20) NOT NULL AUTO_INCREMENT,
  `rewardDescription` varchar(255) COLLATE utf8_unicode_ci DEFAULT NULL,
  `rewardTitle` varchar(255) COLLATE utf8_unicode_ci DEFAULT NULL,
  `value` text COLLATE utf8_unicode_ci DEFAULT NULL,
  PRIMARY KEY (`ID`)
) ENGINE=InnoDB DEFAULT CHARSET=utf8 COLLATE=utf8_unicode_ci;

LOCK TABLES `ACHIEVEMENT_REWARD` WRITE;
/*!40000 ALTER TABLE `ACHIEVEMENT_REWARD` DISABLE KEYS */;

INSERT INTO `ACHIEVEMENT_REWARD` (`ID`, `rewardDescription`, `rewardTitle`, `value`)
VALUES
	(1,'GM_ACHIEVEMENT_000001A6',NULL,'SRV-SKILL-4A2C2AB0'),
	(2,'GM_ACHIEVEMENT_00000226',NULL,'SRV-WHEEL307,SRV-WHEEL312,SRV-WHEEL317'),
	(3,'GM_ACHIEVEMENT_0000016B',NULL,'Cash|100000'),
	(4,'GM_ACHIEVEMENT_00000186',NULL,'RatedSkillMod|3|RACE'),
	(5,'GM_ACHIEVEMENT_00000183',NULL,'Cash|250000'),
	(6,'GM_ACHIEVEMENT_0000017D',NULL,'CardPack'),
	(7,'GM_ACHIEVEMENT_00000228',NULL,'SRV-WHEEL322,SRV-WHEEL327,SRV-WHEEL332,SRV-WHEEL337'),
	(8,'GM_ACHIEVEMENT_00000192',NULL,'SkillPack|RACE'),
	(9,'GM_ACHIEVEMENT_00000165',NULL,'Cash|20000'),
	(10,'GM_ACHIEVEMENT_00000237',NULL,'SRV-PERF-FC8F81E8,SRV-PERF-EDD630B9,SRV-PERF-AAA5143E,SRV-PERF-8B1C21EB,SRV-PERF-9C59BA60,SRV-PERF-FEC89DA6,SRV-PERF-321E4F32,SRV-PERF-3969319C,SRV-PERF-1DDCBBA8,SRV-PERF-E2C73119,SRV-PERF-4C9D00BA,SRV-PERF-6AC14891,SRV-PERF-D0A3F946,SRV-PERF-9A03918A,SRV-PERF-6FF6A254,SRV-PERF-8D3A3C2,SRV-PERF-55EC7F5,SRV-PERF-54964113,SRV-PERF-23C664AE,SRV-PERF-7BF10CDB'),
	(11,'GM_ACHIEVEMENT_00000185',NULL,'CardPack'),
	(12,'GM_ACHIEVEMENT_0000023C',NULL,'SRV-PERF-BF99EFD3,SRV-PERF-D65F8463,SRV-PERF-A16D7D22,SRV-PERF-7059ED69,SRV-PERF-F838B39,SRV-PERF-CBC5B886,SRV-PERF-C4A9FB5E,SRV-PERF-12A1265,SRV-PERF-C5074F6F,SRV-PERF-3240DF6,SRV-PERF-9D6E80A3,SRV-PERF-D64B767C,SRV-PERF-C16C957D,SRV-PERF-59FABE74,SRV-PERF-F5F82592,SRV-PERF-89F294AC,SRV-PERF-37F21D44,SRV-PERF-96FCB408,SRV-PERF-3393F96,SRV-PERF-BFFEF878'),
	(13,'GM_ACHIEVEMENT_00000241',NULL,'SRV-PERF-1F23D590,SRV-PERF-334F46A7,SRV-PERF-DC87F739,SRV-PERF-9C84E1A9,SRV-PERF-F4FDCAF7,SRV-PERF-E2707E23,SRV-PERF-158A362E,SRV-PERF-D090A35D,SRV-PERF-FF7145E8,SRV-PERF-9E9DCDD8,SRV-PERF-3EF63621,SRV-PERF-E5BE7ADB,SRV-PERF-47763D58,SRV-PERF-60DAC146,SRV-PERF-CC18301D,SRV-PERF-CF07FCD9,SRV-PERF-EA3E1B7A,SRV-PERF-808575BD,SRV-PERF-E83A0BA5,SRV-PERF-5C63E9E5,SRV-PERF-1E0B30E3'),
	(14,'GM_ACHIEVEMENT_00000245',NULL,'SRV-EPWHEEL18,SRV-WHEEL53,SRV-WHEEL58'),
	(15,'GM_ACHIEVEMENT_0000022E',NULL,'SRV-LOWKIT3'),
	(16,'GM_ACHIEVEMENT_00000263',NULL,'SRV-NEON41,SRV-NEON42,SRV-NEON43,SRV-NEON44'),
	(17,'GM_ACHIEVEMENT_00000193',NULL,'CarPrizePack'),
	(18,'GM_ACHIEVEMENT_00000179',NULL,'RatedSkillMod|2|DRAG'),
	(19,'GM_ACHIEVEMENT_0000017A',NULL,'RatedSkillMod|3|DRAG'),
	(20,'GM_ACHIEVEMENT_0000018F',NULL,'SRV-SKILL-5C90F00F'),
	(21,'GM_ACHIEVEMENT_00000169',NULL,'Powerups|EMERGENCY_EVADE|10'),
	(22,'GM_ACHIEVEMENT_00000190',NULL,'Powerups|JUGGERNAUT|50'),
	(23,'GM_ACHIEVEMENT_0000016C',NULL,'RatedSkillMod|3|PURSUIT'),
	(24,'GM_ACHIEVEMENT_0000019A',NULL,'Powerups|INSTANT_COOLDOWN|10'),
	(25,'GM_ACHIEVEMENT_00000171',NULL,'RatedSkillMod|2|PURSUIT'),
	(26,'GM_ACHIEVEMENT_0000019B',NULL,'Powerups|EMERGENCY_EVADE|50'),
	(27,'GM_ACHIEVEMENT_0000026C',NULL,'Powerups|TEAM_EMERGENCY_EVADE|10'),
	(28,'GM_ACHIEVEMENT_00000181',NULL,'SkillPack|ANY'),
	(29,'GM_ACHIEVEMENT_00000174',NULL,'Powerups|TEAM_SLINGSHOT|50'),
	(30,'GM_ACHIEVEMENT_00000197',NULL,'SRV-SKILL-41FDC3B0,SRV-SKILL-3AF55B0'),
	(31,'GM_ACHIEVEMENT_00000198',NULL,'SkillPack|PURSUIT'),
	(32,'GM_ACHIEVEMENT_0000016A',NULL,'Powerups|JUGGERNAUT|10'),
	(33,'GM_ACHIEVEMENT_00000175',NULL,'RatedSkillMod|4|PURSUIT'),
	(34,'GM_ACHIEVEMENT_0000017F',NULL,'Powerups|NITROUS|10'),
	(35,'GM_ACHIEVEMENT_00000224',NULL,'SRV-WINDOW5'),
	(36,'GM_ACHIEVEMENT_00000225',NULL,'SRV-WHEEL232,SRV-WHEEL237,SRV-WHEEL242'),
	(37,'GM_ACHIEVEMENT_0000024E',NULL,'Powerups|SLINGSHOT|10'),
	(38,'GM_ACHIEVEMENT_0000024F',NULL,'Powerups|READY|50'),
	(39,'GM_ACHIEVEMENT_00000166',NULL,'CardPack'),
	(40,'GM_ACHIEVEMENT_0000023A',NULL,'SRV-WHEEL167,SRV-WHEEL172,SRV-WHEEL177'),
	(41,'GM_ACHIEVEMENT_00000227',NULL,'SRV-PERF-FC157BCE,SRV-PERF-B27AD697,SRV-PERF-D59AD128,SRV-PERF-7F77AD49,SRV-PERF-31673105,SRV-PERF-5DBEB70E,SRV-PERF-8CFF3701,SRV-PERF-C12BBC14,SRV-PERF-C474391C,SRV-PERF-32FCDFF6,SRV-PERF-606E3CA6,SRV-PERF-358F7B5,SRV-PERF-59AB3B5E,SRV-PERF-959B03FF,SRV-PERF-BEFB708E,SRV-PERF-CF736504,SRV-PERF-1F321BDE,SRV-PERF-F1D8E269,SRV-PERF-9448A0AF,SRV-PERF-7639DCB,SRV-PERF-A36BED7E'),
	(42,'GM_ACHIEVEMENT_00000187',NULL,'Car|SRV-CAR287'),
	(43,'GM_ACHIEVEMENT_0000022B',NULL,'SRV-LOWKIT2'),
	(44,'GM_ACHIEVEMENT_0000017E',NULL,'SRV-LICENSE13|5'),
	(45,'GM_ACHIEVEMENT_0000018E',NULL,'Car|SRV-CAR206'),
	(46,'GM_ACHIEVEMENT_00000250',NULL,'Powerups|READY|10'),
	(47,'GM_ACHIEVEMENT_00000251',NULL,'SRV-WINDOW3'),
	(48,'GM_ACHIEVEMENT_00000252',NULL,'SRV-EPNEON10'),
	(49,'GM_ACHIEVEMENT_0000018B',NULL,'SkillPack|REWARDS'),
	(50,'GM_ACHIEVEMENT_00000253',NULL,'SRV-LICENSE12|5'),
	(51,'GM_ACHIEVEMENT_0000025B',NULL,'RatedSkillMod|2|RACE'),
	(52,'GM_ACHIEVEMENT_0000025C',NULL,'SRV-EPNEON1'),
	(53,'GM_ACHIEVEMENT_000001A7',NULL,'Car|SRV-CAR376'),
	(54,'GM_ACHIEVEMENT_00000238',NULL,'SRV-LOWKIT1'),
	(55,'GM_ACHIEVEMENT_0000023E',NULL,'Powerups|SLINGSHOT|50'),
	(56,'GM_ACHIEVEMENT_0000024B',NULL,'SRV-PERF-97DCCE30,SRV-PERF-724EBE8C,SRV-PERF-D8B58F4A,SRV-PERF-8F03A82E,SRV-PERF-32D2B22C,SRV-PERF-AEAC2C37,SRV-PERF-24E9B27C,SRV-PERF-AE0FFA1,SRV-PERF-4AD9D214,SRV-PERF-56D7D802,SRV-PERF-FFE516BA,SRV-PERF-965A1CCC,SRV-PERF-BF5733D6,SRV-PERF-FEBCEF4C,SRV-PERF-A610AAA8,SRV-PERF-CE05E76A,SRV-PERF-3786509B,SRV-PERF-5BCC4020,SRV-PERF-C6F0E295,SRV-PERF-C67478D2'),
	(57,'GM_ACHIEVEMENT_00000194',NULL,'SRV-LICENSE17|5'),
	(58,'GM_ACHIEVEMENT_00000191',NULL,'SRV-LICENSE16|5'),
	(59,'GM_ACHIEVEMENT_0000017C',NULL,'Car|SRV-FCAR6'),
	(60,'GM_ACHIEVEMENT_00000233',NULL,'SRV-WINDOW2'),
	(61,'GM_ACHIEVEMENT_00000234',NULL,'Powerups|NITROUS|50'),
	(62,'GM_ACHIEVEMENT_00000235',NULL,'SRV-EPNEON2'),
	(63,'GM_ACHIEVEMENT_0000025D',NULL,'SRV-LICENSE11'),
	(64,'GM_ACHIEVEMENT_00000199',NULL,'CardPack'),
	(65,'GM_ACHIEVEMENT_0000022D',NULL,'SRV-PERF-5C20C51C,SRV-PERF-860B9371,SRV-PERF-43F227AF,SRV-PERF-146AD7,SRV-PERF-40EDD853,SRV-PERF-2ACDDCA0,SRV-PERF-8CA6B5A8,SRV-PERF-72BD5AD4,SRV-PERF-8B548E5D,SRV-PERF-7F60E2B1,SRV-PERF-B509A2B3,SRV-PERF-5E2442E7,SRV-PERF-8FDAEF9F,SRV-PERF-A2B16F66,SRV-PERF-54003C64,SRV-PERF-A8702D1E,SRV-PERF-3D8C0FD,SRV-PERF-F490D12,SRV-PERF-73791359,SRV-PERF-EEB011C8,SRV-PERF-370961D'),
	(66,'GM_ACHIEVEMENT_00000229',NULL,'SRV-PERF-2CFF6EAE,SRV-PERF-274C8E74,SRV-PERF-ACBA248,SRV-PERF-2F12037D,SRV-PERF-D4188C31,SRV-PERF-49C6256D,SRV-PERF-FF794904,SRV-PERF-9CD46C06,SRV-PERF-180BDAF8,SRV-PERF-B450A1EC,SRV-PERF-58045B04,SRV-PERF-E4E6BBB5,SRV-PERF-C22BCFE2,SRV-PERF-9E5490AD,SRV-PERF-35FEEF,SRV-PERF-E5F90591,SRV-PERF-48EBA68D,SRV-PERF-1CBE10A,SRV-PERF-C500FB23,SRV-PERF-4468BF8A'),
	(67,'GM_ACHIEVEMENT_00000189',NULL,'RatedSkillMod|4|ANY'),
	(68,'GM_ACHIEVEMENT_0000022A',NULL,'SRV-EPNEON9'),
	(69,'GM_ACHIEVEMENT_00000196',NULL,'CardPack'),
	(70,'GM_ACHIEVEMENT_00000230',NULL,'SRV-EPNEON5'),
	(71,'GM_ACHIEVEMENT_0000022F',NULL,'SRV-PERF-1652BF11,SRV-PERF-356D3F8D,SRV-PERF-6D30E8,SRV-PERF-97B99635,SRV-PERF-2A213F18,SRV-PERF-A2CC65EF,SRV-PERF-5E81394F,SRV-PERF-E1E68A7F,SRV-PERF-32C3FA64,SRV-PERF-4506301E,SRV-PERF-E47DD0E5,SRV-PERF-C1050F43,SRV-PERF-C7EBE876,SRV-PERF-50E8FC52,SRV-PERF-7D20B6C7,SRV-PERF-40BEC1BE,SRV-PERF-25B8F6F6,SRV-PERF-76E0AB4C,SRV-PERF-2BA0AB83,SRV-PERF-DF3681C'),
	(72,'GM_ACHIEVEMENT_00000231',NULL,'SRV-PERF-BB86E7E2,SRV-PERF-EBB5FCC4,SRV-PERF-F64FDA7A,SRV-PERF-66F0AA8E,SRV-PERF-39CE4220,SRV-PERF-4B3052FE,SRV-PERF-9DC80218,SRV-PERF-FECFFC6,SRV-PERF-7A2C5021,SRV-PERF-E10AF3D8,SRV-PERF-23A3F848,SRV-PERF-67406AD9,SRV-PERF-A7F3253B,SRV-PERF-29EF092F,SRV-PERF-299F4216,SRV-PERF-5E798888,SRV-PERF-33CB4EC2,SRV-PERF-C9C91C31,SRV-PERF-2D2EBAD6,SRV-PERF-EFFF3EC3,SRV-PERF-F51E56DD,SRV-PERF-C6BE619E'),
	(73,'GM_ACHIEVEMENT_00000232',NULL,'SRV-EPNEON8'),
	(74,'GM_ACHIEVEMENT_0000022C',NULL,'SRV-PERF-96DFAE51,SRV-PERF-40276DFD,SRV-PERF-91F8026E,SRV-PERF-EFE13993,SRV-PERF-BB4AAA93,SRV-PERF-C0E8C7F5,SRV-PERF-9F8AB9F8,SRV-PERF-F49850E0,SRV-PERF-96298E5C,SRV-PERF-E921D334,SRV-PERF-AEDBC570,SRV-PERF-D1D7BA33,SRV-PERF-E0465AF5,SRV-PERF-15027812,SRV-PERF-2CB3C0A3,SRV-PERF-1341E627,SRV-PERF-F1BF04AC,SRV-PERF-8B051F25,SRV-PERF-A437DE9C,SRV-PERF-3D7FD010,SRV-PERF-2348AA37'),
	(75,'GM_ACHIEVEMENT_00000236',NULL,'RatedSkillMod|4|RACE'),
	(76,'GM_ACHIEVEMENT_00000239',NULL,'SRV-WHEEL1,SRV-WHEEL2,SRV-WHEEL3,SRV-WHEEL4,SRV-WHEEL5,SRV-WHEEL6,SRV-WHEEL7,SRV-WHEEL8,SRV-WHEEL9,SRV-WHEEL10,SRV-WHEEL11,SRV-WHEEL12,SRV-WHEEL13,SRV-WHEEL14,SRV-WHEEL15'),
	(77,'GM_ACHIEVEMENT_0000023F',NULL,'SRV-WINDOW1'),
	(78,'GM_ACHIEVEMENT_00000240',NULL,'SkillPack|PURSUIT'),
	(79,'GM_ACHIEVEMENT_00000184',NULL,'RatedSkillMod|3|ANY'),
	(80,'GM_ACHIEVEMENT_00000242',NULL,'SRV-PERF-DB2240AC,SRV-PERF-F4CD979C,SRV-PERF-CB846BE1,SRV-PERF-E504273B,SRV-PERF-BFA649F9,SRV-PERF-AB2065A3,SRV-PERF-62F13D95,SRV-PERF-FD01AC0A,SRV-PERF-DD6EB7EB,SRV-PERF-B8040923,SRV-PERF-843A94C4,SRV-PERF-469F55CA,SRV-PERF-DC65FC5A,SRV-PERF-EE1AA36,SRV-PERF-517B9967,SRV-PERF-7D09AE41,SRV-PERF-96E840CF,SRV-PERF-8CBD0FAC,SRV-PERF-79ABDED4,SRV-PERF-BB0EDFCB,SRV-PERF-D4E7A6BE'),
	(81,'GM_ACHIEVEMENT_00000243',NULL,'SRV-EPNEON6'),
	(82,'GM_ACHIEVEMENT_00000244',NULL,'SRV-WINDOW13'),
	(83,'GM_ACHIEVEMENT_00000246',NULL,'SRV-WINDOW11'),
	(84,'GM_ACHIEVEMENT_00000249',NULL,'SRV-EPNEON11'),
	(85,'GM_ACHIEVEMENT_00000247',NULL,'SRV-WINDOW6'),
	(86,'GM_ACHIEVEMENT_00000248',NULL,'SRV-PERF-23E50BBD,SRV-PERF-10074CEF,SRV-PERF-30EB9B77,SRV-PERF-B8638BEF,SRV-PERF-EC6D3A7,SRV-PERF-91FDE3F9,SRV-PERF-BE45B24,SRV-PERF-CE81A254,SRV-PERF-DE3DFB80,SRV-PERF-EDEF596E,SRV-PERF-ED6560FF,SRV-PERF-2CF651D8,SRV-PERF-91CB787C,SRV-PERF-111F796B,SRV-PERF-81F30875,SRV-PERF-33CEAC2E,SRV-PERF-975FE246,SRV-PERF-1C50D616,SRV-PERF-DC9E6498,SRV-PERF-7512A0C4'),
	(87,'GM_ACHIEVEMENT_0000024D',NULL,'SRV-WINDOW8'),
	(88,'GM_ACHIEVEMENT_0000018D',NULL,'RatedSkillMod|2|ANY'),
	(89,'GM_ACHIEVEMENT_0000024C',NULL,'SRV-WINDOW9'),
	(90,'GM_ACHIEVEMENT_00000254',NULL,'SRV-PERF-CED3FBED,SRV-PERF-3955A9,SRV-PERF-BC30B84B,SRV-PERF-A679C626,SRV-PERF-1E0FCE5D,SRV-PERF-83DCBCAF,SRV-PERF-BB5BB52D,SRV-PERF-7261B1A2,SRV-PERF-628986BD,SRV-PERF-410845AD,SRV-PERF-92EADD99,SRV-PERF-DAE38E35,SRV-PERF-D9D697A,SRV-PERF-860CE962,SRV-PERF-53C4BF28,SRV-PERF-B247D25F,SRV-PERF-F5E3ED91,SRV-PERF-9242DBC1,SRV-PERF-5A1D5AA3,SRV-PERF-2D7BE8E5'),
	(91,'GM_ACHIEVEMENT_00000255',NULL,'SRV-EPWHEEL13,SRV-WHEEL122,SRV-WHEEL127,SRV-WHEEL132'),
	(92,'GM_ACHIEVEMENT_00000259',NULL,'SRV-PERF-777AF7A3,SRV-PERF-B6691796,SRV-PERF-A7AEA402,SRV-PERF-E7D92689,SRV-PERF-E7DBDDBD,SRV-PERF-15BA02F6,SRV-PERF-16D09D91,SRV-PERF-29CDBC1A,SRV-PERF-70F45928,SRV-PERF-16C18803,SRV-PERF-411E8109,SRV-PERF-E2C5A181,SRV-PERF-A25EE31C,SRV-PERF-6F03AC2B,SRV-PERF-2C67A36B,SRV-PERF-8868F10,SRV-PERF-4A1281D6,SRV-PERF-66FFF9E6,SRV-PERF-F60B91EC,SRV-PERF-5684668B'),
	(93,'GM_ACHIEVEMENT_00000257',NULL,'SRV-PERF-C37A2DA4,SRV-PERF-D1BA956C,SRV-PERF-2725F9B,SRV-PERF-AF54EFE,SRV-PERF-19E6A58B,SRV-PERF-61CD1B20,SRV-PERF-9797EE4B,SRV-PERF-E762D764,SRV-PERF-69CAD399,SRV-PERF-3F7C49D7,SRV-PERF-6059213E,SRV-PERF-30D16ECD,SRV-PERF-91DD5778,SRV-PERF-9950BCBA,SRV-PERF-C5F77622,SRV-PERF-5633C2DE,SRV-PERF-81BA0F09,SRV-PERF-DA1FAEBF,SRV-PERF-8E960042,SRV-PERF-F19609C0'),
	(94,'GM_ACHIEVEMENT_00000258',NULL,'SRV-EPNEON4'),
	(95,'GM_ACHIEVEMENT_00000256',NULL,'SRV-WINDOW4'),
	(96,'GM_ACHIEVEMENT_0000025A',NULL,'SRV-WINDOW12'),
	(97,'GM_ACHIEVEMENT_00000261',NULL,'SRV-WINDOW7'),
	(98,'GM_ACHIEVEMENT_00000262',NULL,'SRV-PERF-48C2C13A,SRV-PERF-C051A2D4,SRV-PERF-FAF7D202,SRV-PERF-F238027E,SRV-PERF-960BBA34,SRV-PERF-7B77A0CE,SRV-PERF-184C0AE0,SRV-PERF-E239EAB1,SRV-PERF-6B4EF318,SRV-PERF-11E9C8CA,SRV-PERF-36B9999F,SRV-PERF-E72D9D7C,SRV-PERF-F516782D,SRV-PERF-4D30A5F2,SRV-PERF-BFC376B8,SRV-PERF-A5E060CF,SRV-PERF-54FEDFE8,SRV-PERF-5D6FA291,SRV-PERF-2E256FE5,SRV-PERF-6CC1D109,SRV-PERF-31C7A241'),
	(99,'GM_ACHIEVEMENT_00000260',NULL,'SRV-LOWKIT3'),
	(100,'GM_ACHIEVEMENT_00000264',NULL,'SRV-EPNEON12'),
	(101,'GM_ACHIEVEMENT_00000266',NULL,'SRV-WINDOW14'),
	(102,'GM_ACHIEVEMENT_000001A6',NULL,'SRV-SKILL-4A2C2AB0'),
	(103,'GM_ACHIEVEMENT_0000025E',NULL,'SRV-WINDOW10'),
	(104,'GM_ACHIEVEMENT_0000025F',NULL,'SRV-SKILL-1718D5DE'),
	(105,'GM_ACHIEVEMENT_000001A4',NULL,'SRV-LICENSE18|5'),
	(106,'GM_ACHIEVEMENT_000001A5',NULL,'Car|SRV-CAR290'),
	(107,'GM_ACHIEVEMENT_0000018A',NULL,'SRV-SKILL-20425026'),
	(108,'GM_ACHIEVEMENT_00000265',NULL,'SRV-EPNEON7'),
	(109,'GM_ACHIEVEMENT_0000023B',NULL,'SRV-PERF-A6558790,SRV-PERF-3A54346F,SRV-PERF-66F5D1AC,SRV-PERF-3FAFC88D,SRV-PERF-3CCE8C9B,SRV-PERF-85588615,SRV-PERF-E703D930,SRV-PERF-BA07C022,SRV-PERF-740A9935,SRV-PERF-A8F68CC2,SRV-PERF-3567A582,SRV-PERF-9E1CCE74,SRV-PERF-54F1C981,SRV-PERF-5558386D,SRV-PERF-54176CE8,SRV-PERF-9A487845,SRV-PERF-B6193786,SRV-PERF-1AA519F,SRV-PERF-88227C85,SRV-PERF-F2565BC8'),
	(110,'GM_ACHIEVEMENT_0000018C',NULL,'Car|SRV-CAR192');

/*!40000 ALTER TABLE `ACHIEVEMENT_REWARD` ENABLE KEYS */;
UNLOCK TABLES;


# Dump of table BADGEDEFINITION
# ------------------------------------------------------------

DROP TABLE IF EXISTS `BADGEDEFINITION`;

CREATE TABLE `BADGEDEFINITION` (
  `id` bigint(20) NOT NULL AUTO_INCREMENT,
  `background` varchar(255) CHARACTER SET utf8 COLLATE utf8_unicode_ci DEFAULT NULL,
  `border` varchar(255) CHARACTER SET utf8 COLLATE utf8_unicode_ci DEFAULT NULL,
  `description` varchar(255) CHARACTER SET utf8 COLLATE utf8_unicode_ci DEFAULT NULL,
  `icon` varchar(255) CHARACTER SET utf8 COLLATE utf8_unicode_ci DEFAULT NULL,
  `name` varchar(255) CHARACTER SET utf8 COLLATE utf8_unicode_ci DEFAULT NULL,
  PRIMARY KEY (`id`)
) ENGINE=InnoDB DEFAULT CHARSET=utf8;

LOCK TABLES `BADGEDEFINITION` WRITE;
/*!40000 ALTER TABLE `BADGEDEFINITION` DISABLE KEYS */;

INSERT INTO `BADGEDEFINITION` (`id`, `background`, `border`, `description`, `icon`, `name`)
VALUES
	(1,'ACH_ICON_BG_COMPETE','ACH_ICON_FRAME','GM_ACHIEVEMENT_0000013D','ACH_INCUR_COSTTOSTATE','GM_ACHIEVEMENT_00000026'),
	(2,'ACH_ICON_BG_COMPETE','ACH_ICON_FRAME','GM_ACHIEVEMENT_0000002A','ACH_CLOCKED_AIRTIME','GM_ACHIEVEMENT_00000029'),
	(3,'ACH_ICON_BG_COLLECT','ACH_ICON_FRAME','GM_ACHIEVEMENT_000001F0','ACH_OWN_LEXUS','GM_ACHIEVEMENT_0000002E'),
	(4,'ACH_ICON_BG_COMPETE','ACH_ICON_FRAME','GM_ACHIEVEMENT_000001F1','ACH_PURSUIT','GM_ACHIEVEMENT_00000005'),
	(5,'ACH_ICON_BG_COLLECT','ACH_ICON_FRAME','GM_ACHIEVEMENT_000001F2','ACH_OWN_MCLAREN','GM_ACHIEVEMENT_00000033'),
	(6,'ACH_ICON_BG_SOCIAL','ACH_ICON_FRAME','GM_ACHIEVEMENT_000001F4','ACH_EARN_DRIVERSCORE','GM_ACHIEVEMENT_00000164'),
	(7,'ACH_ICON_BG_COMPETE','ACH_ICON_FRAME','GM_ACHIEVEMENT_0000003C','ACH_HOT_STREAK','GM_ACHIEVEMENT_0000003B'),
	(8,'ACH_ICON_BG','ACH_ICON_FRAME','GM_ACHIEVEMENT_0000003F','empty','GM_ACHIEVEMENT_0000003E'),
	(9,'ACH_ICON_BG_COLLECT','ACH_ICON_FRAME','GM_ACHIEVEMENT_000001F5','ACH_OWN_MERCEDES-BENZ','GM_ACHIEVEMENT_00000041'),
	(10,'ACH_ICON_BG_COMPETE','ACH_ICON_FRAME','GM_ACHIEVEMENT_00000045','ACH_WIN_RACES_BCLASS','GM_ACHIEVEMENT_00000044'),
	(11,'ACH_ICON_BG_COLLECT','ACH_ICON_FRAME','GM_ACHIEVEMENT_000001F6','ACH_OWN_SUBARU','GM_ACHIEVEMENT_00000047'),
	(12,'ACH_ICON_BG','ACH_ICON_FRAME','GM_ACHIEVEMENT_0000004B','empty','GM_ACHIEVEMENT_0000004A'),
	(13,'ACH_ICON_BG_SOCIAL','ACH_ICON_FRAME','GM_ACHIEVEMENT_0000004E','ACH_REACH_DRIVERLEVEL','GM_ACHIEVEMENT_0000004D'),
	(14,'ACH_ICON_BG_COLLECT','ACH_ICON_FRAME','GM_ACHIEVEMENT_000001F7','ACH_OWN_MITSUBISHI','GM_ACHIEVEMENT_00000050'),
	(15,'ACH_ICON_BG_COLLECT','ACH_ICON_FRAME','GM_ACHIEVEMENT_000001F8','ACH_OWN_ASTONMARTIN','GM_ACHIEVEMENT_00000053'),
	(16,'ACH_ICON_BG','ACH_ICON_FRAME','GM_ACHIEVEMENT_00000057','empty','GM_ACHIEVEMENT_00000056'),
	(17,'ACH_ICON_BG_COMPETE','ACH_ICON_FRAME','GM_ACHIEVEMENT_0000005A','ACH_COPSDISABLED_TE','GM_ACHIEVEMENT_00000059'),
	(18,'ACH_ICON_BG_COLLECT','ACH_ICON_FRAME','GM_ACHIEVEMENT_000001F9','ACH_OWN_SHELBY','GM_ACHIEVEMENT_0000005C'),
	(19,'ACH_ICON_BG_COLLECT','ACH_ICON_FRAME','GM_ACHIEVEMENT_000001FA','ACH_OWN_CADILLAC','GM_ACHIEVEMENT_0000005F'),
	(20,'ACH_ICON_BG_COLLECT','ACH_ICON_FRAME','GM_ACHIEVEMENT_000001FB','ACH_OWN_LANCIA','GM_ACHIEVEMENT_00000062'),
	(21,'ACH_ICON_BG_COLLECT','ACH_ICON_FRAME','GM_ACHIEVEMENT_000001FC','ACH_OWN_PAGANI','GM_ACHIEVEMENT_00000065'),
	(22,'ACH_ICON_BG_COMPETE','ACH_ICON_FRAME','GM_ACHIEVEMENT_00000069','ACH_WINSTREAK_TH','GM_ACHIEVEMENT_00000068'),
	(23,'ACH_ICON_BG','ACH_ICON_FRAME','GM_ACHIEVEMENT_00000140','empty','GM_ACHIEVEMENT_0000006A'),
	(24,'ACH_ICON_BG_COLLECT','ACH_ICON_FRAME','GM_ACHIEVEMENT_000001FD','ACH_OWN_HUMMER','GM_ACHIEVEMENT_0000006D'),
	(25,'ACH_ICON_BG_COLLECT','ACH_ICON_FRAME','GM_ACHIEVEMENT_000001FE','ACH_OWN_ALFAROMEO','GM_ACHIEVEMENT_00000070'),
	(26,'ACH_ICON_BG_COLLECT','ACH_ICON_FRAME','GM_ACHIEVEMENT_0000020B','ACH_OWN_DODGE','GM_ACHIEVEMENT_000000A6'),
	(27,'ACH_ICON_BG_COLLECT','ACH_ICON_FRAME','GM_ACHIEVEMENT_000001FF','ACH_OWN_BENTLEY','GM_ACHIEVEMENT_00000073'),
	(28,'ACH_ICON_BG_COMPETE','ACH_ICON_FRAME','GM_ACHIEVEMENT_00000077','ACH_WIN_RACES_SCLASS','GM_ACHIEVEMENT_00000076'),
	(29,'ACH_ICON_BG_COLLECT','ACH_ICON_FRAME','GM_ACHIEVEMENT_00000200','ACH_OWN_MAZDA','GM_ACHIEVEMENT_00000079'),
	(30,'ACH_ICON_BG_COMPETE','ACH_ICON_FRAME','GM_ACHIEVEMENT_0000007D','ACH_WIN_RACES_ACLASS','GM_ACHIEVEMENT_0000007C'),
	(31,'ACH_ICON_BG_CUSTOMIZE','ACH_ICON_FRAME','GM_ACHIEVEMENT_00000080','ACH_INSTALL_PAINTS','GM_ACHIEVEMENT_0000007F'),
	(32,'ACH_ICON_BG_COMPETE','ACH_ICON_FRAME','GM_ACHIEVEMENT_00000083','ACH_WIN_RACES_CCLASS','GM_ACHIEVEMENT_00000082'),
	(33,'ACH_ICON_BG_COLLECT','ACH_ICON_FRAME','GM_ACHIEVEMENT_00000201','ACH_OWN_JEEP','GM_ACHIEVEMENT_00000167'),
	(34,'ACH_ICON_BG_CUSTOMIZE','ACH_ICON_FRAME','GM_ACHIEVEMENT_00000267','ACH_RACE_MODDER','GM_ACHIEVEMENT_00000148'),
	(35,'ACH_ICON_BG_COLLECT','ACH_ICON_FRAME','GM_ACHIEVEMENT_00000203','ACH_OWN_RENAULTSPORT','GM_ACHIEVEMENT_00000085'),
	(36,'ACH_ICON_BG_COLLECT','ACH_ICON_FRAME','GM_ACHIEVEMENT_00000204','ACH_OWN_CHRYSLER','GM_ACHIEVEMENT_00000088'),
	(37,'ACH_ICON_BG','ACH_ICON_FRAME','GM_ACHIEVEMENT_00000146','empty','GM_ACHIEVEMENT_00000145'),
	(38,'ACH_ICON_BG_COLLECT','ACH_ICON_FRAME','GM_ACHIEVEMENT_00000205','ACH_OWN_FORDSHELBY','GM_ACHIEVEMENT_0000008B'),
	(39,'ACH_ICON_BG','ACH_ICON_FRAME','GM_ACHIEVEMENT_0000008F','badge19','GM_ACHIEVEMENT_0000008E'),
	(40,'ACH_ICON_BG_COLLECT','ACH_ICON_FRAME','GM_ACHIEVEMENT_00000206','ACH_OWN_VAUXHALL','GM_ACHIEVEMENT_00000091'),
	(41,'ACH_ICON_BG_COMPETE','ACH_ICON_FRAME','GM_ACHIEVEMENT_00000095','ACH_WIN_RACES_DCLASS','GM_ACHIEVEMENT_00000094'),
	(42,'ACH_ICON_BG_CUSTOMIZE','ACH_ICON_FRAME','GM_ACHIEVEMENT_00000268','ACH_PURSUIT_MODDER','GM_ACHIEVEMENT_0000014B'),
	(43,'ACH_ICON_BG_COLLECT','ACH_ICON_FRAME','GM_ACHIEVEMENT_00000207','ACH_OWN_NISSAN','GM_ACHIEVEMENT_00000097'),
	(44,'ACH_ICON_BG_COLLECT','ACH_ICON_FRAME','GM_ACHIEVEMENT_00000208','ACH_OWN_INFINITI','GM_ACHIEVEMENT_0000009A'),
	(45,'ACH_ICON_BG','ACH_ICON_FRAME','GM_ACHIEVEMENT_0000009E','empty','GM_ACHIEVEMENT_0000009D'),
	(46,'ACH_ICON_BG_COLLECT','ACH_ICON_FRAME','GM_ACHIEVEMENT_00000209','ACH_OWN_AUDI','GM_ACHIEVEMENT_000000A0'),
	(47,'ACH_ICON_BG_COLLECT','ACH_ICON_FRAME','GM_ACHIEVEMENT_0000020A','ACH_OWN_PLYMOUTH','GM_ACHIEVEMENT_000000A3'),
	(48,'ACH_ICON_BG_COLLECT','ACH_ICON_FRAME','GM_ACHIEVEMENT_0000020B','ACH_OWN_DODGE','GM_ACHIEVEMENT_000000A6'),
	(49,'ACH_ICON_BG_COMPETE','ACH_ICON_FRAME','GM_ACHIEVEMENT_0000014F','ACH_WIN_DRAG','GM_ACHIEVEMENT_0000014E'),
	(50,'ACH_ICON_BG_COLLECT','ACH_ICON_FRAME','GM_ACHIEVEMENT_0000020C','ACH_OWN_FORD','GM_ACHIEVEMENT_00000011'),
	(51,'ACH_ICON_BG_CUSTOMIZE','ACH_ICON_FRAME','GM_ACHIEVEMENT_00000269','ACH_EXPLORE_MODDER','GM_ACHIEVEMENT_00000151'),
	(52,'ACH_ICON_BG','ACH_ICON_FRAME','GM_ACHIEVEMENT_000000AC','empty','GM_ACHIEVEMENT_000000AB'),
	(53,'ACH_ICON_BG_COLLECT','ACH_ICON_FRAME','GM_ACHIEVEMENT_0000020E','ACH_OWN_BMW','GM_ACHIEVEMENT_000000AE'),
	(54,'ACH_ICON_BG','ACH_ICON_FRAME','GM_ACHIEVEMENT_00000014','badge10','GM_ACHIEVEMENT_00000013'),
	(55,'ACH_ICON_BG_COLLECT','ACH_ICON_FRAME','GM_ACHIEVEMENT_0000020F','ACH_OWN_PORSCHE','GM_ACHIEVEMENT_000000B1'),
	(56,'ACH_ICON_BG_CUSTOMIZE','ACH_ICON_FRAME','GM_ACHIEVEMENT_00000017','ACH_INSTALL_VINYLS','GM_ACHIEVEMENT_000000B4'),
	(57,'ACH_ICON_BG_COLLECT','ACH_ICON_FRAME','GM_ACHIEVEMENT_00000210','ACH_OWN_CATERHAM','GM_ACHIEVEMENT_00000168'),
	(58,'ACH_ICON_BG_COLLECT','ACH_ICON_FRAME','GM_ACHIEVEMENT_000000B7','ACH_OWN_SEAT','GM_ACHIEVEMENT_000000B6'),
	(59,'ACH_ICON_BG_SOCIAL','ACH_ICON_FRAME','GM_ACHIEVEMENT_000000B9','ACH_IS_DEVELOPER','GM_ACHIEVEMENT_000000B8'),
	(60,'ACH_ICON_BG','ACH_ICON_FRAME','GM_ACHIEVEMENT_00000155','empty','GM_ACHIEVEMENT_00000154'),
	(61,'ACH_ICON_BG_COLLECT','ACH_ICON_FRAME','GM_ACHIEVEMENT_00000211','ACH_OWN_CAR','GM_ACHIEVEMENT_00000018'),
	(62,'ACH_ICON_BG_COLLECT','ACH_ICON_FRAME','GM_ACHIEVEMENT_00000212','ACH_OWN_CHEVROLET','GM_ACHIEVEMENT_000000BC'),
	(63,'ACH_ICON_BG_COLLECT','ACH_ICON_FRAME','GM_ACHIEVEMENT_00000213','ACH_OWN_PONTIAC','GM_ACHIEVEMENT_000000BF'),
	(64,'ACH_ICON_BG_COLLECT','ACH_ICON_FRAME','GM_ACHIEVEMENT_00000214','ACH_OWN_SCION','GM_ACHIEVEMENT_000000C2'),
	(65,'ACH_ICON_BG','ACH_ICON_FRAME','GM_ACHIEVEMENT_000000C6','empty','GM_ACHIEVEMENT_000000C5'),
	(66,'ACH_ICON_BG','ACH_ICON_FRAME','GM_ACHIEVEMENT_000000C9','empty','GM_ACHIEVEMENT_000000C8'),
	(67,'ACH_ICON_BG_COMPETE','ACH_ICON_FRAME','GM_ACHIEVEMENT_00000141','ACH_UNTOUCHABLE','GM_ACHIEVEMENT_000000CA'),
	(68,'ACH_ICON_BG_COLLECT','ACH_ICON_FRAME','GM_ACHIEVEMENT_00000215','ACH_OWN_LOTUS','GM_ACHIEVEMENT_000000CD'),
	(69,'ACH_ICON_BG','ACH_ICON_FRAME','GM_ACHIEVEMENT_000000D1','empty','GM_ACHIEVEMENT_000000D0'),
	(70,'ACH_ICON_BG','ACH_ICON_FRAME','GM_ACHIEVEMENT_000000D4','empty','GM_ACHIEVEMENT_000000D3'),
	(71,'ACH_ICON_BG_COMPETE','ACH_ICON_FRAME','GM_ACHIEVEMENT_000000D7','ACH_DODGE_ROADBLOCK_TE','GM_ACHIEVEMENT_000000D6'),
	(72,'ACH_ICON_BG_SOCIAL','ACH_ICON_FRAME','GM_ACHIEVEMENT_00000222','ACH_REACH_DRIVERAGE','GM_ACHIEVEMENT_000000D8'),
	(73,'ACH_ICON_BG_COMPETE','ACH_ICON_FRAME','GM_ACHIEVEMENT_00000216','ACH_DRAG_STREAK','GM_ACHIEVEMENT_00000156'),
	(74,'ACH_ICON_BG_COMPETE','ACH_ICON_FRAME','GM_ACHIEVEMENT_000000DC','ACH_DRIVE_MILES','GM_ACHIEVEMENT_000000DB'),
	(75,'ACH_ICON_BG','ACH_ICON_FRAME','GM_ACHIEVEMENT_0000015A','empty','GM_ACHIEVEMENT_00000159'),
	(76,'ACH_ICON_BG_CUSTOMIZE','ACH_ICON_FRAME','GM_ACHIEVEMENT_0000026B','ACH_INSTALL_PERFORMANCEPART','GM_ACHIEVEMENT_000000DE'),
	(77,'ACH_ICON_BG_COLLECT','ACH_ICON_FRAME','GM_ACHIEVEMENT_00000218','ACH_OWN_JAGUAR','GM_ACHIEVEMENT_000000E1'),
	(78,'ACH_ICON_BG_CUSTOMIZE','ACH_ICON_FRAME','GM_ACHIEVEMENT_000000E5','ACH_INSTALL_AFTERMARKETPART','GM_ACHIEVEMENT_000000E4'),
	(79,'ACH_ICON_BG','ACH_ICON_FRAME','GM_ACHIEVEMENT_000000E8','empty','GM_ACHIEVEMENT_000000E7'),
	(80,'ACH_ICON_BG_COLLECT','ACH_ICON_FRAME','GM_ACHIEVEMENT_00000219','ACH_OWN_LAMBORGHINI','GM_ACHIEVEMENT_0000001D'),
	(81,'ACH_ICON_BG_COLLECT','ACH_ICON_FRAME','GM_ACHIEVEMENT_0000021A','ACH_OWN_TOYOTA','GM_ACHIEVEMENT_000000EC'),
	(82,'ACH_ICON_BG','ACH_ICON_FRAME','GM_ACHIEVEMENT_0000010F','empty','GM_ACHIEVEMENT_0000010E'),
	(83,'ACH_ICON_BG','ACH_ICON_FRAME','GM_ACHIEVEMENT_000000EF','empty','GM_ACHIEVEMENT_000000EE'),
	(84,'ACH_ICON_BG_SOCIAL','ACH_ICON_FRAME','GM_ACHIEVEMENT_000000F1','ACH_PARTICIPATE_OPENBETA','GM_ACHIEVEMENT_000000F0'),
	(85,'ACH_ICON_BG_COLLECT','ACH_ICON_FRAME','GM_ACHIEVEMENT_0000021B','ACH_OWN_VOLKSWAGEN','GM_ACHIEVEMENT_000000F3'),
	(86,'ACH_ICON_BG','ACH_ICON_FRAME','GM_ACHIEVEMENT_000000F7','empty','GM_ACHIEVEMENT_000000F6'),
	(87,'ACH_ICON_BG_COLLECT','ACH_ICON_FRAME','GM_ACHIEVEMENT_0000021C','ACH_OWN_MARUSSIA','GM_ACHIEVEMENT_000000F9'),
	(88,'ACH_ICON_BG','ACH_ICON_FRAME','GM_ACHIEVEMENT_000000FD','empty','GM_ACHIEVEMENT_000000FC'),
	(89,'ACH_ICON_BG_COLLECT','ACH_ICON_FRAME','GM_ACHIEVEMENT_000001F3','ACH_EARN_CASH_EVENT','GM_ACHIEVEMENT_00000022'),
	(90,'ACH_ICON_BG','ACH_ICON_FRAME','GM_ACHIEVEMENT_0000015D','empty','GM_ACHIEVEMENT_0000015C'),
	(91,'ACH_ICON_BG_COMPETE','ACH_ICON_FRAME','GM_ACHIEVEMENT_000000FF','ACH_COMPLETE_TH','GM_ACHIEVEMENT_00000002'),
	(92,'ACH_ICON_BG_COMPETE','ACH_ICON_FRAME','GM_ACHIEVEMENT_00000102','ACH_WIN_RACES_ECLASS','GM_ACHIEVEMENT_00000101'),
	(93,'ACH_ICON_BG_COLLECT','ACH_ICON_FRAME','GM_ACHIEVEMENT_0000021D','ACH_OWN_KOENIGSEGG','GM_ACHIEVEMENT_00000104'),
	(94,'ACH_ICON_BG_COMPETE','ACH_ICON_FRAME','GM_ACHIEVEMENT_00000107','ACH_PLAY_EVENTS','GM_ACHIEVEMENT_00000020'),
	(95,'ACH_ICON_BG_COMPETE','ACH_ICON_FRAME','GM_ACHIEVEMENT_0000021E','ACH_GETAWAY_DRIVER','GM_ACHIEVEMENT_00000109'),
	(96,'ACH_ICON_BG_COMPETE','ACH_ICON_FRAME','GM_ACHIEVEMENT_0000026E','ACH_USE_NOS','GM_ACHIEVEMENT_0000010C'),
	(97,'ACH_ICON_BG','ACH_ICON_FRAME','GM_ACHIEVEMENT_00000160','empty','GM_ACHIEVEMENT_0000015F'),
	(98,'ACH_ICON_BG','ACH_ICON_FRAME','GM_ACHIEVEMENT_00000163','empty','GM_ACHIEVEMENT_00000162');

/*!40000 ALTER TABLE `BADGEDEFINITION` ENABLE KEYS */;
UNLOCK TABLES;



/*!40111 SET SQL_NOTES=@OLD_SQL_NOTES */;
/*!40101 SET SQL_MODE=@OLD_SQL_MODE */;
/*!40014 SET FOREIGN_KEY_CHECKS=@OLD_FOREIGN_KEY_CHECKS */;
/*!40101 SET CHARACTER_SET_CLIENT=@OLD_CHARACTER_SET_CLIENT */;
/*!40101 SET CHARACTER_SET_RESULTS=@OLD_CHARACTER_SET_RESULTS */;
/*!40101 SET COLLATION_CONNECTION=@OLD_COLLATION_CONNECTION */;
