-- MySQL dump 10.13  Distrib 8.0.18, for Win64 (x86_64)
--
-- Host: localhost    Database: SOAPBOX
-- ------------------------------------------------------
-- Server version	8.0.18

/*!40101 SET @OLD_CHARACTER_SET_CLIENT = @@CHARACTER_SET_CLIENT */;
/*!40101 SET @OLD_CHARACTER_SET_RESULTS = @@CHARACTER_SET_RESULTS */;
/*!40101 SET @OLD_COLLATION_CONNECTION = @@COLLATION_CONNECTION */;
/*!50503 SET NAMES utf8mb4 */;
/*!40103 SET @OLD_TIME_ZONE = @@TIME_ZONE */;
/*!40103 SET TIME_ZONE = '+00:00' */;
/*!40014 SET @OLD_UNIQUE_CHECKS = @@UNIQUE_CHECKS, UNIQUE_CHECKS = 0 */;
/*!40014 SET @OLD_FOREIGN_KEY_CHECKS = @@FOREIGN_KEY_CHECKS, FOREIGN_KEY_CHECKS = 0 */;
/*!40101 SET @OLD_SQL_MODE = @@SQL_MODE, SQL_MODE = 'NO_AUTO_VALUE_ON_ZERO' */;
/*!40111 SET @OLD_SQL_NOTES = @@SQL_NOTES, SQL_NOTES = 0 */;

--
-- Dumping data for table `ACHIEVEMENT`
--

LOCK TABLES `ACHIEVEMENT` WRITE;
/*!40000 ALTER TABLE `ACHIEVEMENT`
    DISABLE KEYS */;
INSERT INTO `ACHIEVEMENT` (`ID`, `auto_update`, `category`, `name`, `progress_text`, `should_overwrite_progress`,
                           `stat_conversion`, `update_trigger`, `update_value`, `visible`, `badge_definition_id`)
VALUES (1, 0x01, 'EVENT', 'achievement_ACH_WIN_RACES_ACLASS', 'GM_ACHIEVEMENT_000001C6', 0x00, 'None',
        '(event.eventModeId == 4 || event.eventModeId == 9) && eventContext.arbitrationPacket.rank == 1 && event.carClassHash == -405837480 && !!eventSession.lobby && !eventSession.getLobby().getIsPrivate()',
        '1', 0x01, 30),
       (2, 0x01, 'EVENT', 'achievement_ACH_WIN_RACES_BCLASS', 'GM_ACHIEVEMENT_000001B6', 0x00, 'None',
        '(event.eventModeId == 4 || event.eventModeId == 9) && eventContext.arbitrationPacket.rank == 1 && event.carClassHash == -406473455 && !!eventSession.lobby && !eventSession.getLobby().getIsPrivate()',
        '1', 0x01, 10),
       (3, 0x01, 'EVENT', 'achievement_ACH_WIN_RACES_CCLASS', 'GM_ACHIEVEMENT_000001C8', 0x00, 'None',
        '(event.eventModeId == 4 || event.eventModeId == 9) && eventContext.arbitrationPacket.rank == 1 && event.carClassHash == 1866825865 && !!eventSession.lobby && !eventSession.getLobby().getIsPrivate()',
        '1', 0x01, 32),
       (4, 0x01, 'EVENT', 'achievement_ACH_WIN_RACES_DCLASS', 'GM_ACHIEVEMENT_000001CD', 0x00, 'None',
        '(event.eventModeId == 4 || event.eventModeId == 9) && eventContext.arbitrationPacket.rank == 1 && event.carClassHash == 415909161 && !!eventSession.lobby && !eventSession.getLobby().getIsPrivate()',
        '1', 0x01, 41),
       (5, 0x01, 'EVENT', 'achievement_ACH_WIN_RACES_ECLASS', 'GM_ACHIEVEMENT_000001EB', 0x00, 'None',
        '(event.eventModeId == 4 || event.eventModeId == 9) && eventContext.arbitrationPacket.rank == 1 && event.carClassHash == 872416321 && !!eventSession.lobby && !eventSession.getLobby().getIsPrivate()',
        '1', 0x01, 92),
       (6, 0x01, 'EVENT', 'achievement_ACH_WIN_RACES_SCLASS', 'GM_ACHIEVEMENT_000001C4', 0x00, 'None',
        '(event.eventModeId == 4 || event.eventModeId == 9) && eventContext.arbitrationPacket.rank == 1 && event.carClassHash == -2142411446 && !!eventSession.lobby && !eventSession.getLobby().getIsPrivate()',
        '1', 0x01, 28),
       (7, 0x01, 'EVENT', 'achievement_ACH_WIN_DRAG', 'GM_ACHIEVEMENT_0000014D', 0x00, 'None',
        'event.eventModeId == 19 && eventContext.arbitrationPacket.rank == 1 && !!eventSession.lobby && !eventSession.getLobby().getIsPrivate()',
        '1', 0x01, 49),
       (8, 0x01, 'EVENT', 'achievement_ACH_INCUR_COSTTOSTATE', 'GM_ACHIEVEMENT_000001AD', 0x00, 'None',
        'event.eventModeId == 12 && eventContext.arbitrationPacket.costToState > 0',
        'eventContext.arbitrationPacket.costToState', 0x01, 1),
       (9, 0x01, 'EVENT', 'achievement_ACH_PURSUIT', 'GM_ACHIEVEMENT_00000030', 0x00, 'None',
        'event.eventModeId == 12 && (eventContext.arbitrationPacket.finishReason == 22 || eventContext.arbitrationPacket.finishReason == 518)',
        '1', 0x01, 4),
       (10, 0x01, 'EVENT', 'achievement_ACH_COPSDISABLED_TE', 'GM_ACHIEVEMENT_000001BB', 0x00, 'None',
        'event.eventModeId == 24 && eventContext.arbitrationPacket.copsDisabled > 0',
        'eventContext.arbitrationPacket.copsDisabled', 0x01, 17),
       (11, 0x01, 'EVENT', 'achievement_ACH_DODGE_ROADBLOCK_TE', 'GM_ACHIEVEMENT_000001DF', 0x00, 'None',
        'event.eventModeId == 24 && eventContext.arbitrationPacket.roadBlocksDodged > 0',
        'eventContext.arbitrationPacket.roadBlocksDodged', 0x01, 71),
       (12, 0x01, 'EVENT', 'achievement_ACH_CLOCKED_AIRTIME', 'GM_ACHIEVEMENT_000001AE', 0x00,
        'FromMillisecondsToMinutes', 'eventContext.arbitrationPacket.sumOfJumpsDurationInMilliseconds > 0',
        'eventContext.arbitrationPacket.sumOfJumpsDurationInMilliseconds', 0x01, 2),
       (13, 0x01, 'EVENT', 'achievement_ACH_DRIVE_MILES', 'GM_ACHIEVEMENT_000000DA', 0x00, 'FromMetersToDistance',
        '(eventContext.arbitrationPacket.fractionCompleted >= 0 && eventContext.arbitrationPacket.fractionCompleted <= 1) && event.trackLength > 0',
        '(event.trackLength * eventContext.arbitrationPacket.fractionCompleted) * 1609.34', 0x01, 74),
       (14, 0x01, NULL, 'achievement_ACH_INSTALL_AFTERMARKETPART', 'GM_ACHIEVEMENT_000000E3', 0x00, 'None', NULL, NULL,
        0x00, 78),
       (15, 0x01, 'COMMERCE', 'achievement_ACH_OWN_CAR', 'GM_ACHIEVEMENT_000001DA', 0x00, 'None',
        'commerceCtx.commerceTypeVal == 0 && carSlot.getOwnedCar().getExpirationDate() == null', '1', 0x01, 61),
       (16, 0x01, 'PROGRESSION', 'achievement_ACH_EARN_CASH_EVENT', 'GM_ACHIEVEMENT_000001B2', 0x00, 'None',
        'progression.cash > 0', 'progression.cash', 0x01, 89),
       (17, 0x01, NULL, 'achievement_ACH_INSTALL_PERFORMANCEPART', 'GM_ACHIEVEMENT_000001E3', 0x00, 'None', NULL, NULL,
        0x00, 76),
       (18, 0x01, NULL, 'achievement_ACH_INSTALL_PAINTS', 'GM_ACHIEVEMENT_0000007E', 0x00, 'None', NULL, NULL, 0x00,
        31),
       (19, 0x01, 'PROGRESSION', 'achievement_ACH_REACH_DRIVERLEVEL', 'GM_ACHIEVEMENT_000001B8', 0x01, 'None',
        'personaAchievement.currentValue != progression.level', 'progression.level', 0x01, 13),
       (20, 0x01, 'PROGRESSION', 'achievement_ACH_EARN_DRIVERSCORE', 'GM_ACHIEVEMENT_000001B3', 0x01, 'None',
        'personaAchievement.currentValue != progression.score', 'progression.score', 0x01, 6),
       (21, 0x01, NULL, 'achievement_ACH_INSTALL_VINYLS', 'GM_ACHIEVEMENT_000000B3', 0x00, 'None', NULL, NULL, 0x00,
        56),
       (22, 0x01, NULL, 'achievement_ACH_PARTICIPATE_OPENBETA', 'GM_ACHIEVEMENT_00000049', 0x00, 'None', NULL, NULL,
        0x00, 84),
       (23, 0x01, NULL, 'achievement_ACH_IS_DEVELOPER', 'GM_ACHIEVEMENT_00000049', 0x00, 'None', NULL, NULL, 0x01, 59),
       (24, 0x01, 'COMMERCE', 'achievement_ACH_OWN_ALFAROMEO', 'GM_ACHIEVEMENT_0000011F', 0x00, 'None',
        'commerceCtx.commerceTypeVal == 0 && commerceCtx.carClassesEntity.manufactor == \"ALFAROMEO\" && carSlot.getOwnedCar().getExpirationDate() == null',
        '1', 0x01, 25),
       (25, 0x01, 'COMMERCE', 'achievement_ACH_OWN_ASTONMARTIN', 'GM_ACHIEVEMENT_00000119', 0x00, 'None',
        'commerceCtx.commerceTypeVal == 0 && commerceCtx.carClassesEntity.manufactor == \"ASTON MARTIN\" && carSlot.getOwnedCar().getExpirationDate() == null',
        '1', 0x01, 15),
       (26, 0x01, 'COMMERCE', 'achievement_ACH_OWN_AUDI', 'GM_ACHIEVEMENT_00000128', 0x00, 'None',
        'commerceCtx.commerceTypeVal == 0 && commerceCtx.carClassesEntity.manufactor == \"AUDI\" && carSlot.getOwnedCar().getExpirationDate() == null',
        '1', 0x01, 46),
       (27, 0x01, 'COMMERCE', 'achievement_ACH_OWN_BENTLEY', 'GM_ACHIEVEMENT_00000120', 0x00, 'None',
        'commerceCtx.commerceTypeVal == 0 && commerceCtx.carClassesEntity.manufactor == \"BENTLEY\" && carSlot.getOwnedCar().getExpirationDate() == null',
        '1', 0x01, 27),
       (28, 0x01, 'COMMERCE', 'achievement_ACH_OWN_BMW', 'GM_ACHIEVEMENT_0000012C', 0x00, 'None',
        'commerceCtx.commerceTypeVal == 0 && commerceCtx.carClassesEntity.manufactor == \"BMW\" && carSlot.getOwnedCar().getExpirationDate() == null',
        '1', 0x01, 53),
       (29, 0x01, 'COMMERCE', 'achievement_ACH_OWN_CADILLAC', 'GM_ACHIEVEMENT_0000011B', 0x00, 'None',
        'commerceCtx.commerceTypeVal == 0 && commerceCtx.carClassesEntity.manufactor == \"CADILLAC\" && carSlot.getOwnedCar().getExpirationDate() == null',
        '1', 0x01, 19),
       (30, 0x01, 'COMMERCE', 'achievement_ACH_OWN_CATERHAM', 'GM_ACHIEVEMENT_000001AA', 0x00, 'None',
        'commerceCtx.commerceTypeVal == 0 && commerceCtx.carClassesEntity.manufactor == \"CATERHAM\" && carSlot.getOwnedCar().getExpirationDate() == null',
        '1', 0x01, 57),
       (31, 0x01, 'COMMERCE', 'achievement_ACH_OWN_CHEVROLET', 'GM_ACHIEVEMENT_0000012F', 0x00, 'None',
        'commerceCtx.commerceTypeVal == 0 && commerceCtx.carClassesEntity.manufactor == \"CHEVROLET\" && carSlot.getOwnedCar().getExpirationDate() == null',
        '1', 0x01, 62),
       (32, 0x01, 'COMMERCE', 'achievement_ACH_OWN_CHRYSLER', 'GM_ACHIEVEMENT_00000123', 0x00, 'None',
        'commerceCtx.commerceTypeVal == 0 && commerceCtx.carClassesEntity.manufactor == \"CHRYSLER\" && carSlot.getOwnedCar().getExpirationDate() == null',
        '1', 0x01, 36),
       (33, 0x01, 'COMMERCE', 'achievement_ACH_OWN_DODGE', 'GM_ACHIEVEMENT_0000023D', 0x00, 'None',
        'commerceCtx.commerceTypeVal == 0 && commerceCtx.carClassesEntity.manufactor == \"DODGE\" && carSlot.getOwnedCar().getExpirationDate() == null',
        '1', 0x01, 26),
       (34, 0x01, 'COMMERCE', 'achievement_ACH_OWN_FORD', 'GM_ACHIEVEMENT_0000012B', 0x00, 'None',
        'commerceCtx.commerceTypeVal == 0 && commerceCtx.carClassesEntity.manufactor == \"FORD\" && carSlot.getOwnedCar().getExpirationDate() == null',
        '1', 0x01, 50),
       (35, 0x01, 'COMMERCE', 'achievement_ACH_OWN_FORDSHELBY', 'GM_ACHIEVEMENT_00000124', 0x00, 'None',
        'commerceCtx.commerceTypeVal == 0 && commerceCtx.carClassesEntity.manufactor == \"FORD SHELBY\" && carSlot.getOwnedCar().getExpirationDate() == null',
        '1', 0x01, 38),
       (36, 0x01, 'COMMERCE', 'achievement_ACH_OWN_HUMMER', 'GM_ACHIEVEMENT_0000011E', 0x00, 'None',
        'commerceCtx.commerceTypeVal == 0 && commerceCtx.carClassesEntity.manufactor == \"HUMMER\" && carSlot.getOwnedCar().getExpirationDate() == null',
        '1', 0x01, 24),
       (37, 0x01, 'COMMERCE', 'achievement_ACH_OWN_INFINITI', 'GM_ACHIEVEMENT_00000127', 0x00, 'None',
        'commerceCtx.commerceTypeVal == 0 && commerceCtx.carClassesEntity.manufactor == \"INFINITY\" && carSlot.getOwnedCar().getExpirationDate() == null',
        '1', 0x01, 44),
       (38, 0x01, 'COMMERCE', 'achievement_ACH_OWN_JAGUAR', 'GM_ACHIEVEMENT_00000133', 0x00, 'None',
        'commerceCtx.commerceTypeVal == 0 && commerceCtx.carClassesEntity.manufactor == \"JAGUAR\" && carSlot.getOwnedCar().getExpirationDate() == null',
        '1', 0x01, 77),
       (39, 0x01, 'COMMERCE', 'achievement_ACH_OWN_JEEP', 'GM_ACHIEVEMENT_000001A8', 0x00, 'None',
        'commerceCtx.commerceTypeVal == 0 && commerceCtx.carClassesEntity.manufactor == \"JEEP\" && carSlot.getOwnedCar().getExpirationDate() == null',
        '1', 0x01, 33),
       (40, 0x01, 'COMMERCE', 'achievement_ACH_OWN_KOENIGSEGG', 'GM_ACHIEVEMENT_00000139', 0x00, 'None',
        'commerceCtx.commerceTypeVal == 0 && commerceCtx.carClassesEntity.manufactor == \"KOENIGSEGG\" && carSlot.getOwnedCar().getExpirationDate() == null',
        '1', 0x01, 93),
       (41, 0x01, 'COMMERCE', 'achievement_ACH_OWN_LAMBORGHINI', 'GM_ACHIEVEMENT_00000134', 0x00, 'None',
        'commerceCtx.commerceTypeVal == 0 && commerceCtx.carClassesEntity.manufactor == \"LAMBORGHINI\" && carSlot.getOwnedCar().getExpirationDate() == null',
        '1', 0x01, 80),
       (42, 0x01, 'COMMERCE', 'achievement_ACH_OWN_LANCIA', 'GM_ACHIEVEMENT_0000011C', 0x00, 'None',
        'commerceCtx.commerceTypeVal == 0 && commerceCtx.carClassesEntity.manufactor == \"LANCIA\" && carSlot.getOwnedCar().getExpirationDate() == null',
        '1', 0x01, 20),
       (43, 0x01, 'COMMERCE', 'achievement_ACH_OWN_LEXUS', 'GM_ACHIEVEMENT_00000114', 0x00, 'None',
        'commerceCtx.commerceTypeVal == 0 && commerceCtx.carClassesEntity.manufactor == \"LEXUS\" && carSlot.getOwnedCar().getExpirationDate() == null',
        '1', 0x01, 3),
       (44, 0x01, 'COMMERCE', 'achievement_ACH_OWN_LOTUS', 'GM_ACHIEVEMENT_00000132', 0x00, 'None',
        'commerceCtx.commerceTypeVal == 0 && commerceCtx.carClassesEntity.manufactor == \"LOTUS\" && carSlot.getOwnedCar().getExpirationDate() == null',
        '1', 0x01, 68),
       (45, 0x01, 'COMMERCE', 'achievement_ACH_OWN_MARUSSIA', 'GM_ACHIEVEMENT_00000137', 0x00, 'None',
        'commerceCtx.commerceTypeVal == 0 && commerceCtx.carClassesEntity.manufactor == \"MARUSSIA\" && carSlot.getOwnedCar().getExpirationDate() == null',
        '1', 0x01, 87),
       (46, 0x01, 'COMMERCE', 'achievement_ACH_OWN_MAZDA', 'GM_ACHIEVEMENT_00000121', 0x00, 'None',
        'commerceCtx.commerceTypeVal == 0 && commerceCtx.carClassesEntity.manufactor == \"MAZDA\" && carSlot.getOwnedCar().getExpirationDate() == null',
        '1', 0x01, 29),
       (47, 0x01, 'COMMERCE', 'achievement_ACH_OWN_MCLAREN', 'GM_ACHIEVEMENT_00000115', 0x00, 'None',
        'commerceCtx.commerceTypeVal == 0 && commerceCtx.carClassesEntity.manufactor == \"MCLAREN\" && carSlot.getOwnedCar().getExpirationDate() == null',
        '1', 0x01, 5),
       (48, 0x01, 'COMMERCE', 'achievement_ACH_OWN_MERCEDES-BENZ', 'GM_ACHIEVEMENT_00000040', 0x00, 'None',
        'commerceCtx.commerceTypeVal == 0 && commerceCtx.carClassesEntity.manufactor == \"MERCEDEZ BENZ\" && carSlot.getOwnedCar().getExpirationDate() == null',
        '1', 0x01, 9),
       (49, 0x01, 'COMMERCE', 'achievement_ACH_OWN_MITSUBISHI', 'GM_ACHIEVEMENT_00000118', 0x00, 'None',
        'commerceCtx.commerceTypeVal == 0 && commerceCtx.carClassesEntity.manufactor == \"MITSUBISHI\" && carSlot.getOwnedCar().getExpirationDate() == null',
        '1', 0x01, 14),
       (50, 0x01, 'COMMERCE', 'achievement_ACH_OWN_NISSAN', 'GM_ACHIEVEMENT_00000126', 0x00, 'None',
        'commerceCtx.commerceTypeVal == 0 && commerceCtx.carClassesEntity.manufactor == \"NISSAN\" && carSlot.getOwnedCar().getExpirationDate() == null',
        '1', 0x01, 43),
       (51, 0x01, 'COMMERCE', 'achievement_ACH_OWN_PAGANI', 'GM_ACHIEVEMENT_0000011D', 0x00, 'None',
        'commerceCtx.commerceTypeVal == 0 && commerceCtx.carClassesEntity.manufactor == \"PAGANI\" && carSlot.getOwnedCar().getExpirationDate() == null',
        '1', 0x01, 21),
       (52, 0x01, 'COMMERCE', 'achievement_ACH_OWN_PLYMOUTH', 'GM_ACHIEVEMENT_00000129', 0x00, 'None',
        'commerceCtx.commerceTypeVal == 0 && commerceCtx.carClassesEntity.manufactor == \"PLYMOUTH\" && carSlot.getOwnedCar().getExpirationDate() == null',
        '1', 0x01, 47),
       (53, 0x01, 'COMMERCE', 'achievement_ACH_OWN_PONTIAC', 'GM_ACHIEVEMENT_00000130', 0x00, 'None',
        'commerceCtx.commerceTypeVal == 0 && commerceCtx.carClassesEntity.manufactor == \"PONTIAC\" && carSlot.getOwnedCar().getExpirationDate() == null',
        '1', 0x01, 63),
       (54, 0x01, 'COMMERCE', 'achievement_ACH_OWN_PORSCHE', 'GM_ACHIEVEMENT_0000012D', 0x00, 'None',
        'commerceCtx.commerceTypeVal == 0 && commerceCtx.carClassesEntity.manufactor == \"PORSCHE\" && carSlot.getOwnedCar().getExpirationDate() == null',
        '1', 0x01, 55),
       (55, 0x01, 'COMMERCE', 'achievement_ACH_OWN_RENAULTSPORT', 'GM_ACHIEVEMENT_00000122', 0x00, 'None',
        'commerceCtx.commerceTypeVal == 0 && commerceCtx.carClassesEntity.manufactor == \"RENAULT\" && carSlot.getOwnedCar().getExpirationDate() == null',
        '1', 0x01, 35),
       (56, 0x01, 'COMMERCE', 'achievement_ACH_OWN_SCION', 'GM_ACHIEVEMENT_00000131', 0x00, 'None',
        'commerceCtx.commerceTypeVal == 0 && commerceCtx.carClassesEntity.manufactor == \"SCION\" && carSlot.getOwnedCar().getExpirationDate() == null',
        '1', 0x01, 64),
       (57, 0x01, 'COMMERCE', 'achievement_ACH_OWN_SHELBY', 'GM_ACHIEVEMENT_0000011A', 0x00, 'None',
        'commerceCtx.commerceTypeVal == 0 && commerceCtx.carClassesEntity.manufactor == \"SHELBY\" && carSlot.getOwnedCar().getExpirationDate() == null',
        '1', 0x01, 18),
       (58, 0x01, 'COMMERCE', 'achievement_ACH_OWN_SUBARU', 'GM_ACHIEVEMENT_00000117', 0x00, 'None',
        'commerceCtx.commerceTypeVal == 0 && commerceCtx.carClassesEntity.manufactor == \"SUBARU\" && carSlot.getOwnedCar().getExpirationDate() == null',
        '1', 0x01, 11),
       (59, 0x01, 'COMMERCE', 'achievement_ACH_OWN_TOYOTA', 'GM_ACHIEVEMENT_00000135', 0x00, 'None',
        'commerceCtx.commerceTypeVal == 0 && commerceCtx.carClassesEntity.manufactor == \"TOYOTA\" && carSlot.getOwnedCar().getExpirationDate() == null',
        '1', 0x01, 81),
       (60, 0x01, 'COMMERCE', 'achievement_ACH_OWN_VAUXHALL', 'GM_ACHIEVEMENT_00000125', 0x00, 'None',
        'commerceCtx.commerceTypeVal == 0 && commerceCtx.carClassesEntity.manufactor == \"VAUXHALL\" && carSlot.getOwnedCar().getExpirationDate() == null',
        '1', 0x01, 40),
       (61, 0x01, 'COMMERCE', 'achievement_ACH_OWN_VOLKSWAGEN', 'GM_ACHIEVEMENT_00000136', 0x00, 'None',
        'commerceCtx.commerceTypeVal == 0 && commerceCtx.carClassesEntity.manufactor == \"VOLKSWAGEN\" && carSlot.getOwnedCar().getExpirationDate() == null',
        '1', 0x01, 85),
       (62, 0x01, NULL, 'achievement_ACH_USE_NOS', 'GM_ACHIEVEMENT_0000026D', 0x00, 'None', NULL, NULL, 0x00, 96),
       (63, 0x01, 'EVENT', 'achievement_ACH_PLAY_EVENTS', 'GM_ACHIEVEMENT_00000106', 0x00, 'None',
        '(event.eventModeId == 4 || event.eventModeId == 9) && !!eventSession.lobby && !eventSession.getLobby().getIsPrivate()',
        '1', 0x01, 94),
       (64, 0x01, 'PROGRESSION', 'achievement_ACH_COMPLETE_TH', 'GM_ACHIEVEMENT_000001EA', 0x00, 'None',
        'progression.treasureStreakChanged', '1', 0x01, 91),
       (65, 0x01, 'PROGRESSION', 'achievement_ACH_WINSTREAK_TH', 'GM_ACHIEVEMENT_00000067', 0x01, 'None',
        'progression.treasureStreakChanged', 'progression.treasureStreak', 0x01, 22),
       (67, 0x01, 'EVENT', 'achievement_ACH_WIN_RACES_STREAK', 'GM_ACHIEVEMENT_00000116', 0x01, 'None',
        '(event.eventModeId == 4 || event.eventModeId == 9) && event.id != 232 && !!eventSession.lobby && !eventSession.getLobby().getIsPrivate() && (eventContext.arbitrationPacket.rank == 1 || (eventContext.arbitrationPacket.rank != 1 && personaAchievement.currentValue != 0))',
        '(personaAchievement.currentValue + 1) * +(eventContext.arbitrationPacket.rank == 1)', 0x01, 7),
       (68, 0x01, 'EVENT', 'achievement_ACH_WIN_DRAG_STREAK', 'GM_ACHIEVEMENT_0000014D', 0x01, 'None',
        'event.eventModeId == 19 && !!eventSession.lobby && !eventSession.getLobby().getIsPrivate() && (eventContext.arbitrationPacket.rank == 1 || (eventContext.arbitrationPacket.rank != 1 && personaAchievement.currentValue != 0))',
        '(personaAchievement.currentValue + 1) * +(eventContext.arbitrationPacket.rank == 1)', 0x01, 73);
/*!40000 ALTER TABLE `ACHIEVEMENT`
    ENABLE KEYS */;
UNLOCK TABLES;

--
-- Dumping data for table `BADGE_DEFINITION`
--

LOCK TABLES `BADGE_DEFINITION` WRITE;
/*!40000 ALTER TABLE `BADGE_DEFINITION`
    DISABLE KEYS */;
INSERT INTO `badge_definition` (`ID`, `background`, `border`, `description`, `icon`, `name`)
VALUES (1, 'ACH_ICON_BG_COMPETE', 'ACH_ICON_FRAME', 'GM_ACHIEVEMENT_0000013D', 'ACH_INCUR_COSTTOSTATE',
        'GM_ACHIEVEMENT_00000026'),
       (2, 'ACH_ICON_BG_COMPETE', 'ACH_ICON_FRAME', 'GM_ACHIEVEMENT_0000002A', 'ACH_CLOCKED_AIRTIME',
        'GM_ACHIEVEMENT_00000029'),
       (3, 'ACH_ICON_BG_COLLECT', 'ACH_ICON_FRAME', 'GM_ACHIEVEMENT_000001F0', 'ACH_OWN_LEXUS',
        'GM_ACHIEVEMENT_0000002E'),
       (4, 'ACH_ICON_BG_COMPETE', 'ACH_ICON_FRAME', 'GM_ACHIEVEMENT_000001F1', 'ACH_PURSUIT',
        'GM_ACHIEVEMENT_00000005'),
       (5, 'ACH_ICON_BG_COLLECT', 'ACH_ICON_FRAME', 'GM_ACHIEVEMENT_000001F2', 'ACH_OWN_MCLAREN',
        'GM_ACHIEVEMENT_00000033'),
       (6, 'ACH_ICON_BG_SOCIAL', 'ACH_ICON_FRAME', 'GM_ACHIEVEMENT_000001F4', 'ACH_EARN_DRIVERSCORE',
        'GM_ACHIEVEMENT_00000164'),
       (7, 'ACH_ICON_BG_COMPETE', 'ACH_ICON_FRAME', 'GM_ACHIEVEMENT_0000003C', 'ACH_HOT_STREAK',
        'GM_ACHIEVEMENT_0000003B'),
       (8, 'ACH_ICON_BG', 'ACH_ICON_FRAME', 'GM_ACHIEVEMENT_0000003F', 'empty', 'GM_ACHIEVEMENT_0000003E'),
       (9, 'ACH_ICON_BG_COLLECT', 'ACH_ICON_FRAME', 'GM_ACHIEVEMENT_000001F5', 'ACH_OWN_MERCEDES-BENZ',
        'GM_ACHIEVEMENT_00000041'),
       (10, 'ACH_ICON_BG_COMPETE', 'ACH_ICON_FRAME', 'GM_ACHIEVEMENT_00000045', 'ACH_WIN_RACES_BCLASS',
        'GM_ACHIEVEMENT_00000044'),
       (11, 'ACH_ICON_BG_COLLECT', 'ACH_ICON_FRAME', 'GM_ACHIEVEMENT_000001F6', 'ACH_OWN_SUBARU',
        'GM_ACHIEVEMENT_00000047'),
       (12, 'ACH_ICON_BG', 'ACH_ICON_FRAME', 'GM_ACHIEVEMENT_0000004B', 'empty', 'GM_ACHIEVEMENT_0000004A'),
       (13, 'ACH_ICON_BG_SOCIAL', 'ACH_ICON_FRAME', 'GM_ACHIEVEMENT_0000004E', 'ACH_REACH_DRIVERLEVEL',
        'GM_ACHIEVEMENT_0000004D'),
       (14, 'ACH_ICON_BG_COLLECT', 'ACH_ICON_FRAME', 'GM_ACHIEVEMENT_000001F7', 'ACH_OWN_MITSUBISHI',
        'GM_ACHIEVEMENT_00000050'),
       (15, 'ACH_ICON_BG_COLLECT', 'ACH_ICON_FRAME', 'GM_ACHIEVEMENT_000001F8', 'ACH_OWN_ASTONMARTIN',
        'GM_ACHIEVEMENT_00000053'),
       (16, 'ACH_ICON_BG', 'ACH_ICON_FRAME', 'GM_ACHIEVEMENT_00000057', 'empty', 'GM_ACHIEVEMENT_00000056'),
       (17, 'ACH_ICON_BG_COMPETE', 'ACH_ICON_FRAME', 'GM_ACHIEVEMENT_0000005A', 'ACH_COPSDISABLED_TE',
        'GM_ACHIEVEMENT_00000059'),
       (18, 'ACH_ICON_BG_COLLECT', 'ACH_ICON_FRAME', 'GM_ACHIEVEMENT_000001F9', 'ACH_OWN_SHELBY',
        'GM_ACHIEVEMENT_0000005C'),
       (19, 'ACH_ICON_BG_COLLECT', 'ACH_ICON_FRAME', 'GM_ACHIEVEMENT_000001FA', 'ACH_OWN_CADILLAC',
        'GM_ACHIEVEMENT_0000005F'),
       (20, 'ACH_ICON_BG_COLLECT', 'ACH_ICON_FRAME', 'GM_ACHIEVEMENT_000001FB', 'ACH_OWN_LANCIA',
        'GM_ACHIEVEMENT_00000062'),
       (21, 'ACH_ICON_BG_COLLECT', 'ACH_ICON_FRAME', 'GM_ACHIEVEMENT_000001FC', 'ACH_OWN_PAGANI',
        'GM_ACHIEVEMENT_00000065'),
       (22, 'ACH_ICON_BG_COMPETE', 'ACH_ICON_FRAME', 'GM_ACHIEVEMENT_00000069', 'ACH_WINSTREAK_TH',
        'GM_ACHIEVEMENT_00000068'),
       (23, 'ACH_ICON_BG', 'ACH_ICON_FRAME', 'GM_ACHIEVEMENT_00000140', 'empty', 'GM_ACHIEVEMENT_0000006A'),
       (24, 'ACH_ICON_BG_COLLECT', 'ACH_ICON_FRAME', 'GM_ACHIEVEMENT_000001FD', 'ACH_OWN_HUMMER',
        'GM_ACHIEVEMENT_0000006D'),
       (25, 'ACH_ICON_BG_COLLECT', 'ACH_ICON_FRAME', 'GM_ACHIEVEMENT_000001FE', 'ACH_OWN_ALFAROMEO',
        'GM_ACHIEVEMENT_00000070'),
       (26, 'ACH_ICON_BG_COLLECT', 'ACH_ICON_FRAME', 'GM_ACHIEVEMENT_0000020B', 'ACH_OWN_DODGE',
        'GM_ACHIEVEMENT_000000A6'),
       (27, 'ACH_ICON_BG_COLLECT', 'ACH_ICON_FRAME', 'GM_ACHIEVEMENT_000001FF', 'ACH_OWN_BENTLEY',
        'GM_ACHIEVEMENT_00000073'),
       (28, 'ACH_ICON_BG_COMPETE', 'ACH_ICON_FRAME', 'GM_ACHIEVEMENT_00000077', 'ACH_WIN_RACES_SCLASS',
        'GM_ACHIEVEMENT_00000076'),
       (29, 'ACH_ICON_BG_COLLECT', 'ACH_ICON_FRAME', 'GM_ACHIEVEMENT_00000200', 'ACH_OWN_MAZDA',
        'GM_ACHIEVEMENT_00000079'),
       (30, 'ACH_ICON_BG_COMPETE', 'ACH_ICON_FRAME', 'GM_ACHIEVEMENT_0000007D', 'ACH_WIN_RACES_ACLASS',
        'GM_ACHIEVEMENT_0000007C'),
       (31, 'ACH_ICON_BG_CUSTOMIZE', 'ACH_ICON_FRAME', 'GM_ACHIEVEMENT_00000080', 'ACH_INSTALL_PAINTS',
        'GM_ACHIEVEMENT_0000007F'),
       (32, 'ACH_ICON_BG_COMPETE', 'ACH_ICON_FRAME', 'GM_ACHIEVEMENT_00000083', 'ACH_WIN_RACES_CCLASS',
        'GM_ACHIEVEMENT_00000082'),
       (33, 'ACH_ICON_BG_COLLECT', 'ACH_ICON_FRAME', 'GM_ACHIEVEMENT_00000201', 'ACH_OWN_JEEP',
        'GM_ACHIEVEMENT_00000167'),
       (34, 'ACH_ICON_BG_CUSTOMIZE', 'ACH_ICON_FRAME', 'GM_ACHIEVEMENT_00000267', 'ACH_RACE_MODDER',
        'GM_ACHIEVEMENT_00000148'),
       (35, 'ACH_ICON_BG_COLLECT', 'ACH_ICON_FRAME', 'GM_ACHIEVEMENT_00000203', 'ACH_OWN_RENAULTSPORT',
        'GM_ACHIEVEMENT_00000085'),
       (36, 'ACH_ICON_BG_COLLECT', 'ACH_ICON_FRAME', 'GM_ACHIEVEMENT_00000204', 'ACH_OWN_CHRYSLER',
        'GM_ACHIEVEMENT_00000088'),
       (37, 'ACH_ICON_BG', 'ACH_ICON_FRAME', 'GM_ACHIEVEMENT_00000146', 'empty', 'GM_ACHIEVEMENT_00000145'),
       (38, 'ACH_ICON_BG_COLLECT', 'ACH_ICON_FRAME', 'GM_ACHIEVEMENT_00000205', 'ACH_OWN_FORDSHELBY',
        'GM_ACHIEVEMENT_0000008B'),
       (39, 'ACH_ICON_BG', 'ACH_ICON_FRAME', 'GM_ACHIEVEMENT_0000008F', 'badge19', 'GM_ACHIEVEMENT_0000008E'),
       (40, 'ACH_ICON_BG_COLLECT', 'ACH_ICON_FRAME', 'GM_ACHIEVEMENT_00000206', 'ACH_OWN_VAUXHALL',
        'GM_ACHIEVEMENT_00000091'),
       (41, 'ACH_ICON_BG_COMPETE', 'ACH_ICON_FRAME', 'GM_ACHIEVEMENT_00000095', 'ACH_WIN_RACES_DCLASS',
        'GM_ACHIEVEMENT_00000094'),
       (42, 'ACH_ICON_BG_CUSTOMIZE', 'ACH_ICON_FRAME', 'GM_ACHIEVEMENT_00000268', 'ACH_PURSUIT_MODDER',
        'GM_ACHIEVEMENT_0000014B'),
       (43, 'ACH_ICON_BG_COLLECT', 'ACH_ICON_FRAME', 'GM_ACHIEVEMENT_00000207', 'ACH_OWN_NISSAN',
        'GM_ACHIEVEMENT_00000097'),
       (44, 'ACH_ICON_BG_COLLECT', 'ACH_ICON_FRAME', 'GM_ACHIEVEMENT_00000208', 'ACH_OWN_INFINITI',
        'GM_ACHIEVEMENT_0000009A'),
       (45, 'ACH_ICON_BG', 'ACH_ICON_FRAME', 'GM_ACHIEVEMENT_0000009E', 'empty', 'GM_ACHIEVEMENT_0000009D'),
       (46, 'ACH_ICON_BG_COLLECT', 'ACH_ICON_FRAME', 'GM_ACHIEVEMENT_00000209', 'ACH_OWN_AUDI',
        'GM_ACHIEVEMENT_000000A0'),
       (47, 'ACH_ICON_BG_COLLECT', 'ACH_ICON_FRAME', 'GM_ACHIEVEMENT_0000020A', 'ACH_OWN_PLYMOUTH',
        'GM_ACHIEVEMENT_000000A3'),
       (48, 'ACH_ICON_BG_COLLECT', 'ACH_ICON_FRAME', 'GM_ACHIEVEMENT_0000020B', 'ACH_OWN_DODGE',
        'GM_ACHIEVEMENT_000000A6'),
       (49, 'ACH_ICON_BG_COMPETE', 'ACH_ICON_FRAME', 'GM_ACHIEVEMENT_0000014F', 'ACH_WIN_DRAG',
        'GM_ACHIEVEMENT_0000014E'),
       (50, 'ACH_ICON_BG_COLLECT', 'ACH_ICON_FRAME', 'GM_ACHIEVEMENT_0000020C', 'ACH_OWN_FORD',
        'GM_ACHIEVEMENT_00000011'),
       (51, 'ACH_ICON_BG_CUSTOMIZE', 'ACH_ICON_FRAME', 'GM_ACHIEVEMENT_00000269', 'ACH_EXPLORE_MODDER',
        'GM_ACHIEVEMENT_00000151'),
       (52, 'ACH_ICON_BG', 'ACH_ICON_FRAME', 'GM_ACHIEVEMENT_000000AC', 'empty', 'GM_ACHIEVEMENT_000000AB'),
       (53, 'ACH_ICON_BG_COLLECT', 'ACH_ICON_FRAME', 'GM_ACHIEVEMENT_0000020E', 'ACH_OWN_BMW',
        'GM_ACHIEVEMENT_000000AE'),
       (54, 'ACH_ICON_BG', 'ACH_ICON_FRAME', 'GM_ACHIEVEMENT_00000014', 'badge10', 'GM_ACHIEVEMENT_00000013'),
       (55, 'ACH_ICON_BG_COLLECT', 'ACH_ICON_FRAME', 'GM_ACHIEVEMENT_0000020F', 'ACH_OWN_PORSCHE',
        'GM_ACHIEVEMENT_000000B1'),
       (56, 'ACH_ICON_BG_CUSTOMIZE', 'ACH_ICON_FRAME', 'GM_ACHIEVEMENT_00000017', 'ACH_INSTALL_VINYLS',
        'GM_ACHIEVEMENT_000000B4'),
       (57, 'ACH_ICON_BG_COLLECT', 'ACH_ICON_FRAME', 'GM_ACHIEVEMENT_00000210', 'ACH_OWN_CATERHAM',
        'GM_ACHIEVEMENT_00000168'),
       (58, 'ACH_ICON_BG_COLLECT', 'ACH_ICON_FRAME', 'GM_ACHIEVEMENT_000000B7', 'ACH_OWN_SEAT',
        'GM_ACHIEVEMENT_000000B6'),
       (59, 'ACH_ICON_BG_SOCIAL', 'ACH_ICON_FRAME', 'GM_ACHIEVEMENT_000000B9', 'ACH_IS_DEVELOPER',
        'GM_ACHIEVEMENT_000000B8'),
       (60, 'ACH_ICON_BG', 'ACH_ICON_FRAME', 'GM_ACHIEVEMENT_00000155', 'empty', 'GM_ACHIEVEMENT_00000154'),
       (61, 'ACH_ICON_BG_COLLECT', 'ACH_ICON_FRAME', 'GM_ACHIEVEMENT_00000211', 'ACH_OWN_CAR',
        'GM_ACHIEVEMENT_00000018'),
       (62, 'ACH_ICON_BG_COLLECT', 'ACH_ICON_FRAME', 'GM_ACHIEVEMENT_00000212', 'ACH_OWN_CHEVROLET',
        'GM_ACHIEVEMENT_000000BC'),
       (63, 'ACH_ICON_BG_COLLECT', 'ACH_ICON_FRAME', 'GM_ACHIEVEMENT_00000213', 'ACH_OWN_PONTIAC',
        'GM_ACHIEVEMENT_000000BF'),
       (64, 'ACH_ICON_BG_COLLECT', 'ACH_ICON_FRAME', 'GM_ACHIEVEMENT_00000214', 'ACH_OWN_SCION',
        'GM_ACHIEVEMENT_000000C2'),
       (65, 'ACH_ICON_BG', 'ACH_ICON_FRAME', 'GM_ACHIEVEMENT_000000C6', 'empty', 'GM_ACHIEVEMENT_000000C5'),
       (66, 'ACH_ICON_BG', 'ACH_ICON_FRAME', 'GM_ACHIEVEMENT_000000C9', 'empty', 'GM_ACHIEVEMENT_000000C8'),
       (67, 'ACH_ICON_BG_COMPETE', 'ACH_ICON_FRAME', 'GM_ACHIEVEMENT_00000141', 'ACH_UNTOUCHABLE',
        'GM_ACHIEVEMENT_000000CA'),
       (68, 'ACH_ICON_BG_COLLECT', 'ACH_ICON_FRAME', 'GM_ACHIEVEMENT_00000215', 'ACH_OWN_LOTUS',
        'GM_ACHIEVEMENT_000000CD'),
       (69, 'ACH_ICON_BG', 'ACH_ICON_FRAME', 'GM_ACHIEVEMENT_000000D1', 'empty', 'GM_ACHIEVEMENT_000000D0'),
       (70, 'ACH_ICON_BG', 'ACH_ICON_FRAME', 'GM_ACHIEVEMENT_000000D4', 'empty', 'GM_ACHIEVEMENT_000000D3'),
       (71, 'ACH_ICON_BG_COMPETE', 'ACH_ICON_FRAME', 'GM_ACHIEVEMENT_000000D7', 'ACH_DODGE_ROADBLOCK_TE',
        'GM_ACHIEVEMENT_000000D6'),
       (72, 'ACH_ICON_BG_SOCIAL', 'ACH_ICON_FRAME', 'GM_ACHIEVEMENT_00000222', 'ACH_REACH_DRIVERAGE',
        'GM_ACHIEVEMENT_000000D8'),
       (73, 'ACH_ICON_BG_COMPETE', 'ACH_ICON_FRAME', 'GM_ACHIEVEMENT_00000216', 'ACH_DRAG_STREAK',
        'GM_ACHIEVEMENT_00000156'),
       (74, 'ACH_ICON_BG_COMPETE', 'ACH_ICON_FRAME', 'GM_ACHIEVEMENT_000000DC', 'ACH_DRIVE_MILES',
        'GM_ACHIEVEMENT_000000DB'),
       (75, 'ACH_ICON_BG', 'ACH_ICON_FRAME', 'GM_ACHIEVEMENT_0000015A', 'empty', 'GM_ACHIEVEMENT_00000159'),
       (76, 'ACH_ICON_BG_CUSTOMIZE', 'ACH_ICON_FRAME', 'GM_ACHIEVEMENT_0000026B', 'ACH_INSTALL_PERFORMANCEPART',
        'GM_ACHIEVEMENT_000000DE'),
       (77, 'ACH_ICON_BG_COLLECT', 'ACH_ICON_FRAME', 'GM_ACHIEVEMENT_00000218', 'ACH_OWN_JAGUAR',
        'GM_ACHIEVEMENT_000000E1'),
       (78, 'ACH_ICON_BG_CUSTOMIZE', 'ACH_ICON_FRAME', 'GM_ACHIEVEMENT_000000E5', 'ACH_INSTALL_AFTERMARKETPART',
        'GM_ACHIEVEMENT_000000E4'),
       (79, 'ACH_ICON_BG', 'ACH_ICON_FRAME', 'GM_ACHIEVEMENT_000000E8', 'empty', 'GM_ACHIEVEMENT_000000E7'),
       (80, 'ACH_ICON_BG_COLLECT', 'ACH_ICON_FRAME', 'GM_ACHIEVEMENT_00000219', 'ACH_OWN_LAMBORGHINI',
        'GM_ACHIEVEMENT_0000001D'),
       (81, 'ACH_ICON_BG_COLLECT', 'ACH_ICON_FRAME', 'GM_ACHIEVEMENT_0000021A', 'ACH_OWN_TOYOTA',
        'GM_ACHIEVEMENT_000000EC'),
       (82, 'ACH_ICON_BG', 'ACH_ICON_FRAME', 'GM_ACHIEVEMENT_0000010F', 'empty', 'GM_ACHIEVEMENT_0000010E'),
       (83, 'ACH_ICON_BG', 'ACH_ICON_FRAME', 'GM_ACHIEVEMENT_000000EF', 'empty', 'GM_ACHIEVEMENT_000000EE'),
       (84, 'ACH_ICON_BG_SOCIAL', 'ACH_ICON_FRAME', 'GM_ACHIEVEMENT_000000F1', 'ACH_PARTICIPATE_OPENBETA',
        'GM_ACHIEVEMENT_000000F0'),
       (85, 'ACH_ICON_BG_COLLECT', 'ACH_ICON_FRAME', 'GM_ACHIEVEMENT_0000021B', 'ACH_OWN_VOLKSWAGEN',
        'GM_ACHIEVEMENT_000000F3'),
       (86, 'ACH_ICON_BG', 'ACH_ICON_FRAME', 'GM_ACHIEVEMENT_000000F7', 'empty', 'GM_ACHIEVEMENT_000000F6'),
       (87, 'ACH_ICON_BG_COLLECT', 'ACH_ICON_FRAME', 'GM_ACHIEVEMENT_0000021C', 'ACH_OWN_MARUSSIA',
        'GM_ACHIEVEMENT_000000F9'),
       (89, 'ACH_ICON_BG_COLLECT', 'ACH_ICON_FRAME', 'GM_ACHIEVEMENT_000001F3', 'ACH_EARN_CASH_EVENT',
        'GM_ACHIEVEMENT_00000022'),
       (90, 'ACH_ICON_BG', 'ACH_ICON_FRAME', 'GM_ACHIEVEMENT_0000015D', 'empty', 'GM_ACHIEVEMENT_0000015C'),
       (91, 'ACH_ICON_BG_COMPETE', 'ACH_ICON_FRAME', 'GM_ACHIEVEMENT_000000FF', 'ACH_COMPLETE_TH',
        'GM_ACHIEVEMENT_00000002'),
       (92, 'ACH_ICON_BG_COMPETE', 'ACH_ICON_FRAME', 'GM_ACHIEVEMENT_00000102', 'ACH_WIN_RACES_ECLASS',
        'GM_ACHIEVEMENT_00000101'),
       (93, 'ACH_ICON_BG_COLLECT', 'ACH_ICON_FRAME', 'GM_ACHIEVEMENT_0000021D', 'ACH_OWN_KOENIGSEGG',
        'GM_ACHIEVEMENT_00000104'),
       (94, 'ACH_ICON_BG_COMPETE', 'ACH_ICON_FRAME', 'GM_ACHIEVEMENT_00000107', 'ACH_PLAY_EVENTS',
        'GM_ACHIEVEMENT_00000020'),
       (95, 'ACH_ICON_BG_COMPETE', 'ACH_ICON_FRAME', 'GM_ACHIEVEMENT_0000021E', 'ACH_GETAWAY_DRIVER',
        'GM_ACHIEVEMENT_00000109'),
       (96, 'ACH_ICON_BG_COMPETE', 'ACH_ICON_FRAME', 'GM_ACHIEVEMENT_0000026E', 'ACH_USE_NOS',
        'GM_ACHIEVEMENT_0000010C'),
       (97, 'ACH_ICON_BG', 'ACH_ICON_FRAME', 'GM_ACHIEVEMENT_00000160', 'empty', 'GM_ACHIEVEMENT_0000015F'),
       (98, 'ACH_ICON_BG', 'ACH_ICON_FRAME', 'GM_ACHIEVEMENT_00000163', 'empty', 'GM_ACHIEVEMENT_00000162'),
       (100, 'ACH_ICON_BG_COMPETE', 'ACH_ICON_FRAME', 'TXT_NEWS_PANEL_OFFERS', 'ACH_WIN_CLEANRACES', 'TXT_CMN_EVENT');
/*!40000 ALTER TABLE `BADGE_DEFINITION`
    ENABLE KEYS */;
UNLOCK TABLES;

--
-- Dumping data for table `ACHIEVEMENT_RANK`
--

LOCK TABLES `ACHIEVEMENT_RANK` WRITE;
/*!40000 ALTER TABLE `ACHIEVEMENT_RANK`
    DISABLE KEYS */;
INSERT INTO `ACHIEVEMENT_RANK` (`ID`, `points`, `rank`, `rarity`, `reward_description`, `reward_type`,
                                `reward_visual_style`, `threshold_value`, `achievement_id`)
VALUES (1, 4, 1, 0, 'GM_ACHIEVEMENT_00000226', 'aftermarket', 'achievements_rewards', 6, 1),
       (2, 4, 2, 0, 'GM_ACHIEVEMENT_0000016B', 'cash', 'achievements_rewards', 30, 1),
       (3, 4, 3, 0, 'GM_ACHIEVEMENT_00000186', 'skillmod', 'achievements_rewards', 90, 1),
       (4, 4, 4, 0, 'GM_ACHIEVEMENT_00000183', 'cash', 'achievements_rewards', 150, 1),
       (5, 4, 5, 0, 'GM_ACHIEVEMENT_0000017D', 'cardpack', 'platinum', 240, 1),
       (6, 5, 1, 0, 'GM_ACHIEVEMENT_00000228', 'aftermarket', 'achievements_rewards', 6, 2),
       (7, 5, 2, 0, 'GM_ACHIEVEMENT_0000016B', 'cash', 'achievements_rewards', 30, 2),
       (8, 5, 3, 0, 'GM_ACHIEVEMENT_00000186', 'skillmod', 'achievements_rewards', 90, 2),
       (9, 5, 4, 0, 'GM_ACHIEVEMENT_00000183', 'cash', 'achievements_rewards', 150, 2),
       (10, 5, 5, 0, 'GM_ACHIEVEMENT_00000192', 'cardpack', 'skillmods_gold_race', 240, 2),
       (11, 5, 1, 0, 'GM_ACHIEVEMENT_00000165', 'cash', 'achievements_rewards', 6, 3),
       (12, 5, 2, 0, 'GM_ACHIEVEMENT_00000237', 'performance', 'achievements_rewards', 30, 3),
       (13, 5, 3, 0, 'GM_ACHIEVEMENT_0000016B', 'cash', 'achievements_rewards', 90, 3),
       (14, 5, 4, 0, 'GM_ACHIEVEMENT_00000186', 'skillmod', 'achievements_rewards', 150, 3),
       (15, 5, 5, 0, 'GM_ACHIEVEMENT_00000185', 'cardpack', 'gold', 240, 3),
       (16, 6, 1, 0, 'GM_ACHIEVEMENT_00000165', 'cash', 'achievements_rewards', 6, 4),
       (17, 6, 2, 0, 'GM_ACHIEVEMENT_0000023C', 'performance', 'achievements_rewards', 30, 4),
       (18, 6, 3, 0, 'GM_ACHIEVEMENT_0000016B', 'cash', 'achievements_rewards', 90, 4),
       (19, 6, 4, 0, 'GM_ACHIEVEMENT_00000186', 'skillmod', 'achievements_rewards', 150, 4),
       (20, 6, 5, 0, 'GM_ACHIEVEMENT_00000185', 'cardpack', 'gold', 240, 4),
       (21, 6, 1, 0, 'GM_ACHIEVEMENT_0000018A', 'skillmod', 'achievements_rewards', 6, 5),
       (22, 6, 2, 0, 'GM_ACHIEVEMENT_0000016B', 'cash', 'achievements_rewards', 30, 5),
       (23, 6, 3, 0, 'GM_ACHIEVEMENT_00000186', 'skillmod', 'achievements_rewards', 90, 5),
       (24, 6, 4, 0, 'GM_ACHIEVEMENT_00000234', 'powerup', 'achievements_rewards', 150, 5),
       (25, 6, 5, 0, 'GM_ACHIEVEMENT_00000185', 'cardpack', 'gold', 240, 5),
       (26, 4, 1, 0, 'GM_ACHIEVEMENT_00000245', 'aftermarket', 'achievements_rewards', 6, 6),
       (27, 4, 2, 0, 'GM_ACHIEVEMENT_0000016B', 'cash', 'achievements_rewards', 30, 6),
       (28, 4, 3, 0, 'GM_ACHIEVEMENT_0000022E', 'aftermarket', 'achievements_rewards', 90, 6),
       (29, 4, 4, 0, 'GM_ACHIEVEMENT_00000263', 'aftermarket', 'achievements_rewards', 150, 6),
       (30, 4, 5, 0, 'GM_ACHIEVEMENT_00000193', 'cardpack', 'cardpack_carprize', 240, 6),
       (31, 4, 1, 0.5, 'GM_ACHIEVEMENT_00000179', 'skillmod', 'achievements_rewards', 2, 7),
       (32, 4, 2, 0, 'GM_ACHIEVEMENT_0000016B', 'cash', 'achievements_rewards', 10, 7),
       (33, 4, 3, 0, 'GM_ACHIEVEMENT_0000017A', 'skillmod', 'achievements_rewards', 50, 7),
       (34, 4, 4, 0, 'GM_ACHIEVEMENT_00000183', 'cash', 'achievements_rewards', 200, 7),
       (35, 4, 5, 0, 'GM_ACHIEVEMENT_00000192', 'cardpack', 'skillmods_gold_race', 600, 7),
       (36, 2, 1, 0, 'GM_ACHIEVEMENT_0000018F', 'skillmod', 'achievements_rewards', 40000, 8),
       (37, 2, 2, 0, 'GM_ACHIEVEMENT_00000169', 'powerup', 'achievements_rewards', 200000, 8),
       (38, 2, 3, 0, 'GM_ACHIEVEMENT_0000016B', 'cash', 'achievements_rewards', 1000000, 8),
       (39, 2, 4, 0, 'GM_ACHIEVEMENT_00000190', 'powerup', 'achievements_rewards', 5000000, 8),
       (40, 2, 5, 0, 'GM_ACHIEVEMENT_0000016C', 'skillmod', 'achievements_rewards', 25000000, 8),
       (41, 2, 1, 0, 'GM_ACHIEVEMENT_0000019A', 'powerup', 'achievements_rewards', 10, 9),
       (42, 2, 2, 0, 'GM_ACHIEVEMENT_00000171', 'skillmod', 'achievements_rewards', 50, 9),
       (43, 2, 3, 0, 'GM_ACHIEVEMENT_0000019B', 'powerup', 'achievements_rewards', 200, 9),
       (44, 2, 4, 0, 'GM_ACHIEVEMENT_0000016B', 'cash', 'achievements_rewards', 750, 9),
       (45, 2, 5, 0, 'GM_ACHIEVEMENT_0000016C', 'skillmod', 'achievements_rewards', 2000, 9),
       (46, 2, 1, 0, 'GM_ACHIEVEMENT_0000026C', 'powerup', 'achievements_rewards', 50, 10),
       (47, 2, 2, 0, 'GM_ACHIEVEMENT_00000181', 'cardpack', 'mystery', 150, 10),
       (48, 2, 3, 0, 'GM_ACHIEVEMENT_00000174', 'powerup', 'achievements_rewards', 500, 10),
       (49, 2, 4, 0, 'GM_ACHIEVEMENT_00000197', 'skillmod', 'achievements_rewards', 1200, 10),
       (50, 2, 5, 0, 'GM_ACHIEVEMENT_00000198', 'cardpack', 'skillmods_gold_teamescape', 3000, 10),
       (51, 1, 1, 0, 'GM_ACHIEVEMENT_0000016A', 'powerup', 'achievements_rewards', 50, 11),
       (52, 1, 2, 0, 'GM_ACHIEVEMENT_00000226', 'aftermarket', 'achievements_rewards', 150, 11),
       (53, 1, 3, 0, 'GM_ACHIEVEMENT_00000181', 'cardpack', 'mystery', 500, 11),
       (54, 1, 4, 0, 'GM_ACHIEVEMENT_0000016B', 'cash', 'achievements_rewards', 1200, 11),
       (55, 1, 5, 0, 'GM_ACHIEVEMENT_00000175', 'skillmod', 'achievements_rewards', 3000, 11),
       (56, 3, 1, 0, 'GM_ACHIEVEMENT_0000017F', 'powerup', 'achievements_rewards', 60000, 12),
       (57, 3, 2, 0, 'GM_ACHIEVEMENT_00000224', 'aftermarket', 'achievements_rewards', 300000, 12),
       (58, 3, 3, 0, 'GM_ACHIEVEMENT_00000181', 'cardpack', 'mystery', 900000, 12),
       (59, 3, 4, 0, 'GM_ACHIEVEMENT_0000016B', 'cash', 'achievements_rewards', 1800000, 12),
       (60, 3, 5, 0, 'GM_ACHIEVEMENT_00000225', 'aftermarket', 'achievements_rewards', 3600000, 12),
       (61, 1, 1, 0, 'GM_ACHIEVEMENT_0000024E', 'powerup', 'achievements_rewards', 160935, 13),
       (62, 1, 2, 0, 'GM_ACHIEVEMENT_00000165', 'cash', 'achievements_rewards', 1609347, 13),
       (63, 1, 3, 0, 'GM_ACHIEVEMENT_0000024F', 'powerup', 'achievements_rewards', 8046723, 13),
       (64, 1, 4, 0, 'GM_ACHIEVEMENT_00000166', 'cardpack', 'mystery', 20116807, 13),
       (65, 1, 5, 0, 'GM_CATALOG_00001D69', 'cardpack', 't3_platinumA', 40233613, 13),
       (66, 3, 1, 0, 'GM_ACHIEVEMENT_0000017F', 'powerup', 'achievements_rewards', 3, 14),
       (67, 3, 2, 0, 'GM_ACHIEVEMENT_00000227', 'performance', 'achievements_rewards', 15, 14),
       (68, 3, 3, 0, 'GM_ACHIEVEMENT_00000181', 'cardpack', 'mystery', 50, 14),
       (69, 3, 4, 0, 'GM_ACHIEVEMENT_00000183', 'cash', 'achievements_rewards', 200, 14),
       (70, 3, 5, 0, 'GM_ACHIEVEMENT_00000187', 'car', 'achievements_rewards', 500, 14),
       (71, 5, 1, 0.5, 'GM_ACHIEVEMENT_0000022B', 'aftermarket', 'achievements_rewards', 2, 15),
       (72, 5, 2, 0, 'GM_ACHIEVEMENT_00000185', 'cardpack', 'gold', 5, 15),
       (73, 5, 3, 0, 'GM_ACHIEVEMENT_0000017E', 'aftermarket', 'achievements_rewards', 15, 15),
       (74, 5, 4, 0, 'GM_ACHIEVEMENT_0000017D', 'cardpack', 'platinum', 45, 15),
       (75, 5, 5, 0, 'GM_ACHIEVEMENT_0000018E', 'car', 'achievements_rewards', 90, 15),
       (76, 1, 1, 0.5, 'GM_ACHIEVEMENT_00000250', 'powerup', 'achievements_rewards', 30000, 16),
       (77, 1, 2, 0, 'GM_ACHIEVEMENT_00000251', 'aftermarket', 'achievements_rewards', 600000, 16),
       (78, 1, 3, 0, 'GM_ACHIEVEMENT_00000252', 'aftermarket', 'achievements_rewards', 3000000, 16),
       (79, 1, 4, 0, 'GM_ACHIEVEMENT_0000018B', 'cardpack', 'skillmods_gold_rewardsbooster', 10000000, 16),
       (80, 1, 5, 0, 'GM_ACHIEVEMENT_00000253', 'aftermarket', 'achievements_rewards', 30000000, 16),
       (81, 3, 1, 0, 'GM_ACHIEVEMENT_0000025B', 'skillmod', 'achievements_rewards', 5, 17),
       (82, 3, 2, 0, 'GM_ACHIEVEMENT_0000016B', 'cash', 'achievements_rewards', 15, 17),
       (83, 3, 3, 0, 'GM_ACHIEVEMENT_0000025C', 'aftermarket', 'achievements_rewards', 50, 17),
       (84, 3, 4, 0, 'GM_ACHIEVEMENT_00000183', 'cash', 'achievements_rewards', 100, 17),
       (85, 3, 5, 0, 'GM_ACHIEVEMENT_000001A7', 'car', 'achievements_rewards', 200, 17),
       (86, 2, 1, 0, 'GM_ACHIEVEMENT_0000017F', 'powerup', 'achievements_rewards', 5, 18),
       (87, 2, 2, 0, 'GM_ACHIEVEMENT_00000238', 'aftermarket', 'achievements_rewards', 30, 18),
       (88, 2, 3, 0, 'GM_ACHIEVEMENT_00000181', 'cardpack', 'mystery', 120, 18),
       (89, 2, 4, 0, 'GM_ACHIEVEMENT_0000023E', 'powerup', 'achievements_rewards', 300, 18),
       (90, 2, 5, 0, 'GM_ACHIEVEMENT_00000228', 'aftermarket', 'achievements_rewards', 800, 18),
       (91, 4, 1, 1, 'GM_ACHIEVEMENT_00000196', 'cardpack', 'silver', 5, 19),
       (92, 4, 2, 1, 'GM_ACHIEVEMENT_0000016B', 'cash', 'achievements_rewards', 15, 19),
       (93, 4, 3, 1, 'GM_ACHIEVEMENT_00000166', 'cardpack', 'mystery', 25, 19),
       (94, 4, 4, 1, 'GM_ACHIEVEMENT_0000024B', 'performance', 'achievements_rewards', 35, 19),
       (95, 4, 5, 1, 'GM_ACHIEVEMENT_00000194', 'aftermarket', 'achievements_rewards', 45, 19),
       (96, 0, 1, 0, 'GM_ACHIEVEMENT_00000284', 'cash', 'achievements_rewards', 100, 20),
       (97, 0, 2, 0, 'GM_ACHIEVEMENT_0000017D', 'cardpack', 'platinum', 200, 20),
       (98, 0, 3, 0, 'GM_ACHIEVEMENT_00000193', 'cardpack', 'cardpack_carprize', 300, 20),
       (99, 0, 4, 0, 'GM_ACHIEVEMENT_00000191', 'aftermarket', 'achievements_rewards', 400, 20),
       (100, 0, 5, 0, 'GM_ACHIEVEMENT_0000017C', 'car', 'achievements_rewards', 500, 20),
       (101, 2, 1, 0, 'GM_ACHIEVEMENT_0000017F', 'powerup', 'achievements_rewards', 10, 21),
       (102, 2, 2, 0, 'GM_ACHIEVEMENT_00000233', 'aftermarket', 'achievements_rewards', 100, 21),
       (103, 2, 3, 0, 'GM_ACHIEVEMENT_00000234', 'powerup', 'achievements_rewards', 400, 21),
       (104, 2, 4, 0, 'GM_ACHIEVEMENT_00000181', 'cardpack', 'mystery', 800, 21),
       (105, 2, 5, 0, 'GM_ACHIEVEMENT_00000235', 'aftermarket', 'achievements_rewards', 2000, 21),
       (106, 0, 1, 0, 'GM_ACHIEVEMENT_0000025D', 'aftermarket', 'achievements_rewards', 1, 22),
       (111, 0, 1, 0, 'GM_ACHIEVEMENT_00000199', 'cardpack', 'achievements_rewards', 1, 23),
       (116, 3, 1, 0.5, 'GM_ACHIEVEMENT_0000022D', 'performance', 'achievements_rewards', 1, 24),
       (117, 3, 2, 0, 'GM_ACHIEVEMENT_0000022E', 'aftermarket', 'achievements_rewards', 4, 24),
       (121, 3, 1, 0, 'GM_ACHIEVEMENT_00000229', 'performance', 'achievements_rewards', 1, 25),
       (122, 3, 2, 0, 'GM_ACHIEVEMENT_00000189', 'skillmod', 'achievements_rewards', 3, 25),
       (123, 3, 3, 0, 'GM_ACHIEVEMENT_0000022A', 'aftermarket', 'achievements_rewards', 6, 25),
       (126, 1, 1, 0.5, 'GM_ACHIEVEMENT_00000228', 'aftermarket', 'achievements_rewards', 1, 26),
       (127, 1, 2, 0, 'GM_ACHIEVEMENT_00000196', 'cardpack', 'silver', 4, 26),
       (128, 1, 3, 0, 'GM_ACHIEVEMENT_00000230', 'aftermarket', 'achievements_rewards', 9, 26),
       (129, 1, 4, 0, 'GM_ACHIEVEMENT_0000024E', 'powerup', 'achievements_rewards', 16, 26),
       (131, 3, 1, 0, 'GM_ACHIEVEMENT_0000022B', 'aftermarket', 'achievements_rewards', 1, 27),
       (132, 3, 2, 0, 'GM_ACHIEVEMENT_0000022F', 'performance', 'achievements_rewards', 4, 27),
       (136, 2, 1, 0.5, 'GM_ACHIEVEMENT_00000231', 'performance', 'achievements_rewards', 1, 28),
       (137, 2, 2, 0, 'GM_ACHIEVEMENT_00000186', 'skillmod', 'achievements_rewards', 4, 28),
       (138, 2, 3, 0, 'GM_ACHIEVEMENT_00000232', 'aftermarket', 'achievements_rewards', 9, 28),
       (139, 2, 4, 0, 'GM_ACHIEVEMENT_00000166', 'cardpack', 'mystery', 16, 28),
       (141, 2, 1, 0, 'GM_ACHIEVEMENT_0000022B', 'aftermarket', 'achievements_rewards', 1, 29),
       (142, 2, 2, 0, 'GM_ACHIEVEMENT_00000196', 'cardpack', 'silver', 4, 29),
       (146, 3, 1, 0, 'GM_ACHIEVEMENT_00000231', 'performance', 'achievements_rewards', 1, 30),
       (147, 3, 2, 0, 'GM_ACHIEVEMENT_00000236', 'skillmod', 'achievements_rewards', 4, 30),
       (151, 1, 1, 0, 'GM_ACHIEVEMENT_0000023A', 'aftermarket', 'achievements_rewards', 1, 31),
       (152, 1, 2, 0, 'GM_ACHIEVEMENT_00000186', 'skillmod', 'achievements_rewards', 4, 31),
       (153, 1, 3, 0, 'GM_ACHIEVEMENT_0000022E', 'aftermarket', 'achievements_rewards', 9, 31),
       (154, 1, 4, 0, 'GM_ACHIEVEMENT_00000288', 'skillmod', 'achievements_rewards', 16, 31),
       (156, 1, 1, 0, 'GM_ACHIEVEMENT_00000238', 'aftermarket', 'achievements_rewards', 1, 32),
       (157, 1, 2, 0, 'GM_ACHIEVEMENT_00000166', 'cardpack', 'mystery', 4, 32),
       (161, 1, 1, 0, 'GM_ACHIEVEMENT_00000171', 'skillmod', 'achievements_rewards', 1, 33),
       (162, 1, 2, 0, 'GM_ACHIEVEMENT_00000166', 'cardpack', 'mystery', 4, 33),
       (163, 1, 3, 0, 'GM_ACHIEVEMENT_0000022E', 'aftermarket', 'achievements_rewards', 9, 33),
       (164, 1, 4, 0, 'GM_ACHIEVEMENT_0000016D', 'powerup', 'achievements_rewards', 16, 33),
       (166, 2, 1, 0, 'GM_ACHIEVEMENT_00000238', 'aftermarket', 'achievements_rewards', 1, 34),
       (167, 2, 2, 0, 'GM_ACHIEVEMENT_0000023F', 'aftermarket', 'achievements_rewards', 4, 34),
       (168, 2, 3, 0, 'GM_ACHIEVEMENT_0000016D', 'powerup', 'achievements_rewards', 9, 34),
       (169, 2, 4, 0, 'GM_ACHIEVEMENT_0000025E', 'aftermarket', 'achievements_rewards', 16, 34),
       (171, 2, 1, 0, 'GM_ACHIEVEMENT_0000022B', 'aftermarket', 'achievements_rewards', 1, 35),
       (172, 2, 2, 0, 'GM_ACHIEVEMENT_00000184', 'skillmod', 'achievements_rewards', 4, 35),
       (176, 2, 1, 0, 'GM_ACHIEVEMENT_00000242', 'performance', 'achievements_rewards', 1, 36),
       (177, 2, 2, 0, 'GM_ACHIEVEMENT_0000016C', 'skillmod', 'achievements_rewards', 4, 36),
       (181, 1, 1, 0, 'GM_ACHIEVEMENT_00000238', 'aftermarket', 'achievements_rewards', 1, 37),
       (182, 1, 2, 0, 'GM_ACHIEVEMENT_00000196', 'cardpack', 'silver', 4, 37),
       (186, 2, 1, 0, 'GM_ACHIEVEMENT_00000245', 'aftermarket', 'achievements_rewards', 1, 38),
       (187, 2, 2, 0, 'GM_ACHIEVEMENT_00000246', 'aftermarket', 'achievements_rewards', 4, 38),
       (191, 3, 1, 0, 'GM_ACHIEVEMENT_0000022B', 'aftermarket', 'achievements_rewards', 1, 39),
       (192, 3, 2, 0, 'GM_ACHIEVEMENT_00000181', 'cardpack', 'mystery', 4, 39),
       (196, 3, 1, 0, 'GM_ACHIEVEMENT_00000229', 'performance', 'achievements_rewards', 1, 40),
       (197, 3, 2, 0, 'GM_ACHIEVEMENT_00000236', 'skillmod', 'achievements_rewards', 4, 40),
       (198, 3, 3, 0, 'GM_ACHIEVEMENT_0000017D', 'cardpack', 'platinum', 9, 40),
       (201, 2, 1, 0, 'GM_ACHIEVEMENT_0000022D', 'performance', 'achievements_rewards', 1, 41),
       (202, 2, 2, 0, 'GM_ACHIEVEMENT_00000236', 'skillmod', 'achievements_rewards', 4, 41),
       (203, 2, 3, 0, 'GM_ACHIEVEMENT_00000249', 'aftermarket', 'achievements_rewards', 9, 41),
       (204, 2, 4, 0, 'GM_ACHIEVEMENT_0000016E', 'powerup', 'achievements_rewards', 16, 41),
       (206, 2, 1, 0, 'GM_ACHIEVEMENT_00000247', 'aftermarket', 'achievements_rewards', 1, 42),
       (207, 2, 2, 0, 'GM_ACHIEVEMENT_00000166', 'cardpack', 'mystery', 4, 42),
       (211, 1, 1, 0, 'GM_ACHIEVEMENT_0000022B', 'aftermarket', 'achievements_rewards', 1, 43),
       (212, 1, 2, 0, 'GM_ACHIEVEMENT_0000024A', 'aftermarket', 'achievements_rewards', 4, 43),
       (213, 1, 3, 0, 'GM_ACHIEVEMENT_00000185', 'cardpack', 'gold', 9, 43),
       (216, 2, 1, 0, 'GM_ACHIEVEMENT_0000022B', 'aftermarket', 'achievements_rewards', 1, 44),
       (217, 2, 2, 0, 'GM_ACHIEVEMENT_0000024D', 'aftermarket', 'achievements_rewards', 4, 44),
       (218, 2, 3, 0, 'GM_ACHIEVEMENT_00000185', 'cardpack', 'gold', 9, 44),
       (221, 3, 1, 0, 'GM_ACHIEVEMENT_0000022B', 'aftermarket', 'achievements_rewards', 1, 45),
       (222, 3, 2, 0, 'GM_ACHIEVEMENT_00000229', 'performance', 'achievements_rewards', 4, 45),
       (226, 1, 1, 0, 'GM_ACHIEVEMENT_0000018D', 'skillmod', 'achievements_rewards', 1, 46),
       (227, 1, 2, 0, 'GM_ACHIEVEMENT_00000166', 'cardpack', 'mystery', 4, 46),
       (228, 1, 3, 0, 'GM_ACHIEVEMENT_0000024C', 'aftermarket', 'achievements_rewards', 9, 46),
       (229, 1, 4, 0, 'GM_ACHIEVEMENT_00000257', 'performance', 'achievements_rewards', 16, 46),
       (231, 3, 1, 0, 'GM_ACHIEVEMENT_00000231', 'performance', 'achievements_rewards', 1, 47),
       (232, 3, 2, 0, 'GM_ACHIEVEMENT_00000236', 'skillmod', 'achievements_rewards', 4, 47),
       (236, 3, 1, 0, 'GM_ACHIEVEMENT_00000254', 'performance', 'achievements_rewards', 1, 48),
       (237, 3, 2, 0, 'GM_ACHIEVEMENT_00000189', 'skillmod', 'achievements_rewards', 4, 48),
       (241, 1, 1, 0, 'GM_ACHIEVEMENT_0000018D', 'skillmod', 'achievements_rewards', 1, 49),
       (242, 1, 2, 0, 'GM_ACHIEVEMENT_00000166', 'cardpack', 'mystery', 4, 49),
       (243, 1, 3, 0, 'GM_ACHIEVEMENT_00000255', 'aftermarket', 'achievements_rewards', 9, 49),
       (246, 1, 1, 0, 'GM_ACHIEVEMENT_00000242', 'performance', 'achievements_rewards', 1, 50),
       (247, 1, 2, 0, 'GM_ACHIEVEMENT_00000184', 'skillmod', 'achievements_rewards', 4, 50),
       (248, 1, 3, 0, 'GM_ACHIEVEMENT_0000022E', 'aftermarket', 'achievements_rewards', 9, 50),
       (249, 1, 4, 0, 'GM_ACHIEVEMENT_00000179', 'skillmod', 'achievements_rewards', 16, 50),
       (251, 3, 1, 0, 'GM_ACHIEVEMENT_0000022D', 'performance', 'achievements_rewards', 1, 51),
       (252, 3, 2, 0, 'GM_ACHIEVEMENT_00000236', 'skillmod', 'achievements_rewards', 4, 51),
       (253, 3, 3, 0, 'GM_ACHIEVEMENT_0000017D', 'cardpack', 'platinum', 9, 51),
       (256, 2, 1, 0, 'GM_ACHIEVEMENT_00000245', 'aftermarket', 'achievements_rewards', 1, 52),
       (257, 2, 2, 0, 'GM_ACHIEVEMENT_00000196', 'cardpack', 'silver', 4, 52),
       (261, 1, 1, 0, 'GM_ACHIEVEMENT_00000259', 'performance', 'achievements_rewards', 1, 53),
       (262, 1, 2, 0, 'GM_ACHIEVEMENT_00000181', 'cardpack', 'mystery', 4, 53),
       (263, 1, 3, 0, 'GM_ACHIEVEMENT_0000022E', 'aftermarket', 'achievements_rewards', 9, 53),
       (266, 2, 1, 0, 'GM_ACHIEVEMENT_00000257', 'performance', 'achievements_rewards', 1, 54),
       (267, 2, 2, 0, 'GM_ACHIEVEMENT_00000184', 'skillmod', 'achievements_rewards', 4, 54),
       (268, 2, 3, 0, 'GM_ACHIEVEMENT_00000258', 'aftermarket', 'achievements_rewards', 9, 54),
       (269, 2, 4, 0, 'GM_ACHIEVEMENT_00000242', 'performance', 'achievements_rewards', 16, 54),
       (271, 1, 1, 0, 'GM_ACHIEVEMENT_00000238', 'aftermarket', 'achievements_rewards', 1, 55),
       (272, 1, 2, 0, 'GM_ACHIEVEMENT_00000256', 'aftermarket', 'achievements_rewards', 4, 55),
       (276, 1, 1, 0, 'GM_ACHIEVEMENT_00000238', 'aftermarket', 'achievements_rewards', 1, 56),
       (277, 1, 2, 0, 'GM_ACHIEVEMENT_00000196', 'cardpack', 'silver', 4, 56),
       (281, 2, 1, 0, 'GM_ACHIEVEMENT_00000261', 'aftermarket', 'achievements_rewards', 1, 57),
       (282, 2, 2, 0, 'GM_ACHIEVEMENT_00000196', 'cardpack', 'silver', 4, 57),
       (286, 2, 1, 0, 'GM_ACHIEVEMENT_0000024A', 'aftermarket', 'achievements_rewards', 1, 58),
       (287, 2, 2, 0, 'GM_ACHIEVEMENT_00000184', 'skillmod', 'achievements_rewards', 4, 58),
       (291, 1, 1, 0, 'GM_ACHIEVEMENT_00000228', 'aftermarket', 'achievements_rewards', 1, 59),
       (292, 1, 2, 0, 'GM_ACHIEVEMENT_00000166', 'cardpack', 'mystery', 4, 59),
       (293, 1, 3, 0, 'GM_ACHIEVEMENT_00000264', 'aftermarket', 'achievements_rewards', 9, 59),
       (296, 2, 1, 0, 'GM_ACHIEVEMENT_0000023C', 'performance', 'achievements_rewards', 1, 60),
       (297, 2, 2, 0, 'GM_ACHIEVEMENT_00000196', 'cardpack', 'silver', 4, 60),
       (301, 1, 1, 0, 'GM_ACHIEVEMENT_00000227', 'performance', 'achievements_rewards', 1, 61),
       (302, 1, 2, 0, 'GM_ACHIEVEMENT_00000181', 'cardpack', 'mystery', 4, 61),
       (303, 1, 3, 0, 'GM_ACHIEVEMENT_00000196', 'cardpack', 'silver', 9, 61),
       (306, 1, 1, 0, 'GM_ACHIEVEMENT_000001A6', 'skillmod', 'achievements_rewards', 1, 62),
       (307, 1, 2, 0, 'GM_ACHIEVEMENT_00000238', 'aftermarket', 'achievements_rewards', 50, 62),
       (308, 1, 3, 0, 'GM_ACHIEVEMENT_00000196', 'cardpack', 'silver', 250, 62),
       (309, 1, 4, 0, 'GM_ACHIEVEMENT_0000025E', 'aftermarket', 'achievements_rewards', 1000, 62),
       (310, 1, 5, 0, 'GM_ACHIEVEMENT_0000025F', 'skillmod', 'achievements_rewards', 2500, 62),
       (311, 2, 1, 0, 'GM_ACHIEVEMENT_0000017F', 'powerup', 'achievements_rewards', 15, 63),
       (312, 2, 2, 0, 'GM_ACHIEVEMENT_0000016B', 'cash', 'achievements_rewards', 75, 63),
       (313, 2, 3, 0, 'GM_ACHIEVEMENT_000001A4', 'aftermarket', 'achievements_rewards', 300, 63),
       (314, 2, 4, 0, 'GM_ACHIEVEMENT_00000183', 'cash', 'achievements_rewards', 900, 63),
       (315, 2, 5, 0, 'GM_ACHIEVEMENT_000001A5', 'car', 'achievements_rewards', 3000, 63),
       (316, 4, 1, 0.5, 'GM_ACHIEVEMENT_0000018A', 'skillmod', 'achievements_rewards', 1, 64),
       (317, 4, 2, 0, 'GM_ACHIEVEMENT_0000016B', 'cash', 'achievements_rewards', 10, 64),
       (318, 4, 3, 0, 'GM_ACHIEVEMENT_00000265', 'aftermarket', 'achievements_rewards', 50, 64),
       (319, 4, 4, 0, 'GM_ACHIEVEMENT_0000018B', 'cardpack', 'skillmods_gold_rewardsbooster', 150, 64),
       (320, 4, 5, 0, 'GM_ACHIEVEMENT_00000193', 'cardpack', 'cardpack_carprize', 300, 64),
       (321, 4, 1, 0.5, 'GM_ACHIEVEMENT_0000018A', 'skillmod', 'achievements_rewards', 2, 65),
       (322, 4, 2, 0, 'GM_ACHIEVEMENT_0000016B', 'cash', 'achievements_rewards', 6, 65),
       (323, 4, 3, 0, 'GM_ACHIEVEMENT_0000023B', 'performance', 'achievements_rewards', 20, 65),
       (324, 4, 4, 0, 'GM_ACHIEVEMENT_0000018B', 'cardpack', 'skillmods_gold_rewardsbooster', 60, 65),
       (325, 4, 5, 0, 'GM_ACHIEVEMENT_0000018C', 'car', 'achievements_rewards', 120, 65),
       (331, 4, 1, 0, 'GM_ACHIEVEMENT_0000016B', 'cash', 'achievements_rewards', 3, 67),
       (332, 4, 2, 0, 'GM_ACHIEVEMENT_00000234', 'powerup', 'achievements_rewards', 9, 67),
       (333, 4, 3, 0, 'GM_ACHIEVEMENT_00000284', 'cash', 'achievements_rewards', 15, 67),
       (334, 4, 4, 0, 'GM_ACHIEVEMENT_0000025F', 'skillmod', 'achievements_rewards', 30, 67),
       (335, 4, 5, 0, 'TXT_CARDPACK_DIAMOND', 'cardpack', 'blackdiamond', 60, 67),
       (336, 4, 1, 0.5, 'GM_ACHIEVEMENT_00000196', 'cardpack', 'silver', 3, 68),
       (337, 4, 2, 0, 'GM_ACHIEVEMENT_00000231', 'performance', 'achievements_rewards', 9, 68),
       (338, 4, 3, 0, 'GM_ACHIEVEMENT_00000284', 'cash', 'achievements_rewards', 15, 68),
       (339, 4, 4, 0, 'GM_ACHIEVEMENT_0000017B', 'skillmod', 'achievements_rewards', 30, 68),
       (340, 4, 5, 0, 'GM_CATALOG_000049C6', 'car', 'achievements_rewards', 60, 68);
/*!40000 ALTER TABLE `ACHIEVEMENT_RANK`
    ENABLE KEYS */;
UNLOCK TABLES;

--
-- Dumping data for table `ACHIEVEMENT_REWARD`
--

LOCK TABLES `ACHIEVEMENT_REWARD` WRITE;
/*!40000 ALTER TABLE `ACHIEVEMENT_REWARD`
    DISABLE KEYS */;
INSERT INTO `ACHIEVEMENT_REWARD` (`ID`, `internal_reward_description`, `reward_description`, `rewardScript`)
VALUES (2, 'GM_ACHIEVEMENT_0000016B', '$100,000', 'generator.cashReward(100000)'),
       (3, 'GM_ACHIEVEMENT_00000186', '3-Star Race Skill Mod', 'generator.findRandomRatedItem(\'skillmod_race\', 3)'),
       (4, 'GM_ACHIEVEMENT_00000183', '$250,000', 'generator.cashReward(250000)'),
       (8, 'GM_ACHIEVEMENT_00000228', '19\" Work Wheels',
        'generator.randomDrop([\'PRESET_STYLE01_19_25\', \'WORK_STYLE01_19_25\', \'WORK_STYLE02_19_25\', \'WORK_STYLE03_19_25\', \'WORK_STYLE04_19_25\'])'),
       (11, 'GM_ACHIEVEMENT_00000165', '$20,000', 'generator.cashReward(20000)'),
       (12, 'GM_ACHIEVEMENT_00000237', '2-Star Tires', 'generator.findRandomRatedItem(\'ppart_tires\', 2)'),
       (16, 'GM_ACHIEVEMENT_0000023C', '2-Star Suspension', 'generator.findRandomRatedItem(\'ppart_suspension\', 2)'),
       (23, 'GM_ACHIEVEMENT_00000245', '19\" AR Wheels',
        'generator.randomDrop([\'AR_STYLE01_19_25\', \'AR_STYLE02_19_25\', \'AR_STYLE03_19_25\'])'),
       (26, 'GM_ACHIEVEMENT_00000263', 'Gold Neon', 'generator.generateSingleItem(\'CARNEONGLOW_GOLD\')'),
       (27, 'GM_ACHIEVEMENT_00000179', '2-Star Drag Skill Mod', 'generator.findRandomRatedItem(\'skillmod_drag\', 2)'),
       (29, 'GM_ACHIEVEMENT_0000017A', '3-Star Drag Skill Mod', 'generator.findRandomRatedItem(\'skillmod_drag\', 3)'),
       (31, 'GM_ACHIEVEMENT_0000018F', '2-Star Radar Skill Mod', 'generator.generateSingleItem(\'radar_02_c\')'),
       (32, 'GM_ACHIEVEMENT_00000169', 'Emergency Evade x10',
        'generator.rewardQuantityProduct(\'emergencyevade\', 10)'),
       (34, 'GM_ACHIEVEMENT_00000190', 'Juggernaut x50', 'generator.rewardQuantityProduct(\'juggernaut\', 50)'),
       (36, 'GM_ACHIEVEMENT_0000016C', '3-Star Pursuit Skill Mod',
        'generator.findRandomRatedItem(\'skillmod_pursuit\', 3)'),
       (37, 'GM_ACHIEVEMENT_0000019A', 'Instant Cooldown x10',
        'generator.rewardQuantityProduct(\'instantcooldown\', 10)'),
       (38, 'GM_ACHIEVEMENT_00000171', '2-Star Pursuit Skill Mod',
        'generator.findRandomRatedItem(\'skillmod_pursuit\', 2)'),
       (39, 'GM_ACHIEVEMENT_0000019B', 'Emergency Evade x50',
        'generator.rewardQuantityProduct(\'emergencyevade\', 50)'),
       (42, 'GM_ACHIEVEMENT_0000026C', 'Team Emergency Evade x10',
        'generator.rewardQuantityProduct(\'team_emergencyevade\', 10)'),
       (43, 'GM_ACHIEVEMENT_00000174', 'Team Slingshot x50', 'generator.rewardQuantityProduct(\'team_slingshot\', 50)'),
       (44, 'GM_ACHIEVEMENT_00000197', '3-Star Rampage Skill Mod',
        'generator.generateSingleItem(\'juggernaut_duration_03_c\')'),
       (45, 'GM_ACHIEVEMENT_0000016A', 'Juggernaut x10', 'generator.rewardQuantityProduct(\'juggernaut\', 10)'),
       (46, 'GM_ACHIEVEMENT_00000226', '19\" Volk Wheels',
        'generator.randomDrop([\'VOLK_STYLE01_19_25\', \'VOLK_STYLE02_19_25\', \'VOLK_STYLE03_19_25\'])'),
       (48, 'GM_ACHIEVEMENT_00000175', '4-Star Pursuit Skill Mod',
        'generator.findRandomRatedItem(\'skillmod_pursuit\', 4)'),
       (49, 'GM_ACHIEVEMENT_0000017F', 'Nitrous x10', 'generator.rewardQuantityProduct(\'nosshot\', 10)'),
       (50, 'GM_ACHIEVEMENT_00000224', 'Yellow Window Tint',
        'generator.generateSingleItem(\'WINDSHIELD_TINT_L1_YELLOW\')'),
       (52, 'GM_ACHIEVEMENT_00000225', '19\" Racing Hart Wheels',
        'generator.randomDrop([\'RACINGHART_STYLE01_19_25\',\'RACINGHART_STYLE02_19_25\',\'RACINGHART_STYLE03_19_25\',\'RACINGHART_STYLE04_19_25\'])'),
       (53, 'GM_ACHIEVEMENT_0000024E', 'Slingshot x10', 'generator.rewardQuantityProduct(\'slingshot\', 10)'),
       (55, 'GM_ACHIEVEMENT_0000024F', 'Ready x50', 'generator.rewardQuantityProduct(\'ready\', 50)'),
       (58, 'GM_ACHIEVEMENT_00000227', '2-Star Forced Induction',
        'generator.findRandomRatedItem(\'ppart_forcedinduction\', 2)'),
       (60, 'GM_ACHIEVEMENT_00000187', 'FORD FOCUS RS \'ACHIEVEMENT EDITION\'',
        'generator.generateSingleItem(\'FOCUS_REWARD\')'),
       (61, 'GM_ACHIEVEMENT_0000022B', 'Stage 2 Lowering Kit', 'generator.generateSingleItem(\'MEDIUM_DROP\')'),
       (62, 'GM_ACHIEVEMENT_0000017E', '\'Collector\' License Plate x5',
        'generator.rewardQuantityProduct(\'LICENSE_PLATE_ACH_COLECT\', 5)'),
       (63, 'GM_ACHIEVEMENT_0000018E', 'Koenigsegg CCX \"Achievement Edition\"',
        'generator.generateSingleItem(\'ccx_REWARDS\')'),
       (64, 'GM_ACHIEVEMENT_00000250', 'Ready x10', 'generator.rewardQuantityProduct(\'ready\', 10)'),
       (65, 'GM_ACHIEVEMENT_00000251', 'Black Window Tint',
        'generator.generateSingleItem(\'WINDSHIELD_TINT_L1_BLACK\')'),
       (66, 'GM_ACHIEVEMENT_00000252', 'Skyblue Neon', 'generator.generateSingleItem(\'CARNEONGLOW_SKYBLUE\')'),
       (67, 'GM_ACHIEVEMENT_00000253', '\"Cash\" License Plate x5',
        'generator.rewardQuantityProduct(\'LICENSE_PLATE_ACH_CASH\', 5)'),
       (68, 'GM_ACHIEVEMENT_0000025B', '2-Star Race Skill Mod', 'generator.findRandomRatedItem(\'skillmod_race\', 2)'),
       (70, 'GM_ACHIEVEMENT_0000025C', 'Blue Neon', 'generator.generateSingleItem(\'CARNEONGLOW_BLUE\')'),
       (72, 'GM_ACHIEVEMENT_000001A7', 'Lamborghini Gallardo LP 550-2 Valentino Balboni \"Achievement Edition\"',
        'generator.generateSingleItem(\'GALLARDOVB_REWARD\')'),
       (74, 'GM_ACHIEVEMENT_00000238', 'Stage 1 Lowering Kit', 'generator.generateSingleItem(\'SMALL_DROP\')'),
       (75, 'GM_ACHIEVEMENT_0000023E', 'Slingshot x50', 'generator.rewardQuantityProduct(\'slingshot\', 50)'),
       (77, 'GM_ACHIEVEMENT_00000241', '2-Star Brakes', 'generator.findRandomRatedItem(\'ppart_brakes\', 2)'),
       (79, 'GM_ACHIEVEMENT_0000024B', '3-Star Suspension', 'generator.findRandomRatedItem(\'ppart_suspension\', 3)'),
       (80, 'GM_ACHIEVEMENT_00000194', '\"Maxxed\" License Plate x5',
        'generator.rewardQuantityProduct(\'LICENSE_PLATE_ACH_MAX\', 5)'),
       (81, 'GM_ACHIEVEMENT_00000191', '\"Legend\" License Plate x5',
        'generator.rewardQuantityProduct(\'LICENSE_PLATE_ACH_LEGEND\', 5)'),
       (82, 'GM_ACHIEVEMENT_0000017C', 'Bugatti Veyron 16.4', 'generator.generateSingleItem(\'car1060_1\')'),
       (84, 'GM_ACHIEVEMENT_00000233', 'Green Window Tint',
        'generator.generateSingleItem(\'WINDSHIELD_TINT_L1_GREEN\')'),
       (85, 'GM_ACHIEVEMENT_00000234', 'Nitrous x50', 'generator.rewardQuantityProduct(\'nosshot\', 50)'),
       (86, 'GM_ACHIEVEMENT_00000235', 'Cyan Neon', 'generator.generateSingleItem(\'CARNEONGLOW_CYAN\')'),
       (87, 'GM_ACHIEVEMENT_0000025D', '\"Beta\" License Plate x5',
        'generator.rewardQuantityProduct(\'LICENSE_PLATE_ACH_BETA\', 5)'),
       (90, 'GM_ACHIEVEMENT_00000189', '4-Star Skill Mod',
        'generator.findRandomRatedItemByProdType(\'skillmodpart\', 4)'),
       (91, 'GM_ACHIEVEMENT_0000022A', 'Red Neon', 'generator.generateSingleItem(\'CARNEONGLOW_RED\')'),
       (93, 'GM_ACHIEVEMENT_00000230', 'Magenta Neon', 'generator.generateSingleItem(\'CARNEONGLOW_MAGENTA\')'),
       (95, 'GM_ACHIEVEMENT_0000022F', '4-Star Transmission',
        'generator.findRandomRatedItem(\'ppart_transmission\', 4)'),
       (96, 'GM_ACHIEVEMENT_00000231', '3-Star Engine', 'generator.findRandomRatedItem(\'ppart_engine\', 3)'),
       (98, 'GM_ACHIEVEMENT_00000232', 'Purple Neon', 'generator.generateSingleItem(\'CARNEONGLOW_PURPLE\')'),
       (100, 'GM_ACHIEVEMENT_0000022C', '4-Star Forced Induction',
        'generator.findRandomRatedItem(\'ppart_forcedinduction\', 4)'),
       (102, 'GM_ACHIEVEMENT_00000236', '4-Star Race Skill Mod', 'generator.findRandomRatedItem(\'skillmod_race\', 4)'),
       (107, 'GM_ACHIEVEMENT_00000239', '19\" HRE Wheels',
        'generator.randomDrop([\'HRE_STYLE01_19_25\',\'HRE_STYLE02_19_25\',\'HRE_STYLE03_19_25\'])'),
       (109, 'GM_ACHIEVEMENT_0000022E', 'Stage 3 Lowering Kit', 'generator.generateSingleItem(\'LARGE_DROP\')'),
       (111, 'GM_ACHIEVEMENT_0000023F', 'Purple Window Tint',
        'generator.generateSingleItem(\'WINDSHIELD_TINT_L1_INDIGO\')'),
       (113, 'GM_ACHIEVEMENT_00000184', '3-Star Skill Mod',
        'generator.findRandomRatedItemByProdType(\'skillmodpart\', 3)'),
       (114, 'GM_ACHIEVEMENT_00000242', '2-Star Engine', 'generator.findRandomRatedItem(\'ppart_engine\', 2)'),
       (116, 'GM_ACHIEVEMENT_00000243', 'Orange Neon', 'generator.generateSingleItem(\'CARNEONGLOW_ORANGE\')'),
       (118, 'GM_ACHIEVEMENT_00000244', 'Ruby Iridescent Window Tint',
        'generator.generateSingleItem(\'WINDSHIELD_TINT_L3_PEARL_RED\')'),
       (120, 'GM_ACHIEVEMENT_00000246', 'Indigo Iridescent Window Tint',
        'generator.generateSingleItem(\'WINDSHIELD_TINT_L3_PEARL_INDIGO\')'),
       (125, 'GM_ACHIEVEMENT_0000022D', '3-Star Forced Induction',
        'generator.findRandomRatedItem(\'ppart_forcedinduction\', 3)'),
       (127, 'GM_ACHIEVEMENT_00000249', 'Teal Neon', 'generator.generateSingleItem(\'CARNEONGLOW_TEAL\')'),
       (128, 'GM_ACHIEVEMENT_00000247', 'Blue Window Tint',
        'generator.generateSingleItem(\'WINDSHIELD_TINT_L1_INDIGO\')'),
       (129, 'GM_ACHIEVEMENT_00000248', '4-Star Suspension', 'generator.findRandomRatedItem(\'ppart_suspension\', 4)'),
       (131, 'GM_ACHIEVEMENT_0000024A', '19\" ADR Wheels',
        'generator.randomDrop([\'ADR_STYLE01_19_25\', \'ADR_STYLE02_19_25\', \'ADR_STYLE03_19_25\', \'ADR_STYLE04_19_25\', \'ADR_STYLE05_19_25\'])'),
       (133, 'GM_ACHIEVEMENT_0000024D', 'Amethyst Iridescent Tint',
        'generator.generateSingleItem(\'WINDSHIELD_TINT_L3_PEARL_VIOLET\')'),
       (135, 'GM_ACHIEVEMENT_00000229', '3-Star Transmission',
        'generator.findRandomRatedItem(\'ppart_transmission\', 3)'),
       (136, 'GM_ACHIEVEMENT_0000023A', '19\" Konig Wheels',
        'generator.randomDrop([\'KONIG_STYLE01_19_25\',\'KONIG_STYLE02_19_25\',\'KONIG_STYLE03_19_25\'])'),
       (138, 'GM_ACHIEVEMENT_0000024C', 'Emerald Iridescent Tint',
        'generator.generateSingleItem(\'WINDSHIELD_TINT_L3_PEARL_GREEN\')'),
       (141, 'GM_ACHIEVEMENT_00000254', '3-Star Brakes', 'generator.findRandomRatedItem(\'ppart_brakes\', 3)'),
       (143, 'GM_ACHIEVEMENT_0000018D', '2-Star Skill Mod',
        'generator.findRandomRatedItemByProdType(\'skillmodpart\', 2)'),
       (144, 'GM_ACHIEVEMENT_00000255', '19\" Enkei Wheels',
        'generator.randomDrop([\'ENKEI_STYLE01_19_25\', \'ENKEI_STYLE02_19_25\', \'ENKEI_STYLE03_19_25\', \'ENKEI_STYLE04_19_25\'])'),
       (145, 'GM_ACHIEVEMENT_0000018A', '2-Star Explorer Skill Mod',
        'generator.generateSingleItem(\'cashreward_explore_02_c\')'),
       (146, 'GM_ACHIEVEMENT_0000018C', 'BMW M3 E92 \"Achievement Edition\"',
        'generator.generateSingleItem(\'BMW_M3E92_REWARD\')'),
       (147, 'GM_ACHIEVEMENT_000001A4', '\"World Racer\" License Plate x5',
        'generator.rewardQuantityProduct(\'LICENSE_PLATE_ACH_RACER\', 5)'),
       (148, 'GM_ACHIEVEMENT_000001A6', '2-Star Super Shot Skill Mod',
        'generator.generateSingleItem(\'nitrous_power_02_c\')'),
       (149, 'GM_ACHIEVEMENT_000001A5', 'Nissan 240ZG \"Achievement Edition\"',
        'generator.generateSingleItem(\'240ZG71_REWARD\')'),
       (150, 'GM_ACHIEVEMENT_0000023B', '4-Star Tires', 'generator.findRandomRatedItem(\'ppart_tires\', 4)'),
       (151, 'GM_ACHIEVEMENT_00000256', 'Cyan Window Tint',
        'generator.generateSingleItem(\'WINDSHIELD_TINT_L1_BLUE\')'),
       (152, 'GM_ACHIEVEMENT_00000257', '3-Star Tires', 'generator.findRandomRatedItem(\'ppart_tires\', 3)'),
       (153, 'GM_ACHIEVEMENT_00000258', 'Green Neon', 'generator.generateSingleItem(\'CARNEONGLOW_GREEN\')'),
       (154, 'GM_ACHIEVEMENT_00000259', '2-Star Transmission',
        'generator.findRandomRatedItem(\'ppart_transmission\', 2)'),
       (155, 'GM_ACHIEVEMENT_0000025A', 'Sapphire Iridescent Window Tint',
        'generator.generateSingleItem(\'WINDSHIELD_TINT_L3_PEARL_BLUE\')'),
       (156, 'GM_ACHIEVEMENT_0000025E', 'Smoke Blackout Window Tint',
        'generator.generateSingleItem(\'WINDSHIELD_TINT_L3_PEARL_BLACK\')'),
       (157, 'GM_ACHIEVEMENT_0000025F', '4-Star Super Shot Skill Mod',
        'generator.generateSingleItem(\'nitrous_power_04_e\')'),
       (158, 'GM_ACHIEVEMENT_00000260', 'Stage 3 Lowering Kit', 'generator.generateSingleItem(\'LARGE_DROP\')'),
       (159, 'GM_ACHIEVEMENT_00000261', 'Red Window Tint', 'generator.generateSingleItem(\'WINDSHIELD_TINT_L1_RED\')'),
       (160, 'GM_ACHIEVEMENT_00000262', '4-Star Engine', 'generator.findRandomRatedItem(\'ppart_engine\', 4)'),
       (161, 'GM_ACHIEVEMENT_00000264', 'Yellow Neon', 'generator.generateSingleItem(\'CARNEONGLOW_YELLOW\')'),
       (162, 'GM_ACHIEVEMENT_00000265', 'Pink Neon', 'generator.generateSingleItem(\'CARNEONGLOW_PINK\')'),
       (163, 'GM_ACHIEVEMENT_00000266', 'Topaz Iridescent Window Tint',
        'generator.generateSingleItem(\'WINDSHIELD_TINT_L3_PEARL_YELLOW\')'),
       (164, 'GM_ACHIEVEMENT_00000185', 'Gold Pack', 'generator.getCardPack(\'cardpack_gold\')'),
       (165, 'GM_ACHIEVEMENT_00000166', 'Mystery Pack', 'generator.getCardPack(\'cardpack_mystery\')'),
       (166, 'GM_ACHIEVEMENT_0000017D', 'Platinum Pack', 'generator.getCardPack(\'cardpack_platinum\')'),
       (167, 'GM_ACHIEVEMENT_00000181', 'Mystery Skill Pack', 'generator.getCardPack(\'cardpack_skillmods_mystery\')'),
       (168, 'GM_ACHIEVEMENT_00000193', 'Car Prize Pack', 'generator.getCardPack(\'cardpack_carprize\')'),
       (169, 'GM_ACHIEVEMENT_00000196', 'Silver Pack', 'generator.getCardPack(\'cardpack_silver\')'),
       (170, 'GM_ACHIEVEMENT_0000016D', 'Powerup x10',
        'generator.randomSelection([generator.rewardQuantityProduct(\'runflattires\', 10), generator.rewardQuantityProduct(\'instantcooldown\', 10), generator.rewardQuantityProduct(\'shield\', 10), generator.rewardQuantityProduct(\'slingshot\', 10), generator.rewardQuantityProduct(\'ready\', 10), generator.rewardQuantityProduct(\'juggernaut\', 10), generator.rewardQuantityProduct(\'emergencyevade\', 10), generator.rewardQuantityProduct(\'team_emergencyevade\', 10), generator.rewardQuantityProduct(\'nosshot\', 10), generator.rewardQuantityProduct(\'team_slingshot\', 10)])'),
       (171, 'GM_ACHIEVEMENT_0000016E', 'Powerup x50',
        'generator.randomSelection([generator.rewardQuantityProduct(\'runflattires\', 50), generator.rewardQuantityProduct(\'instantcooldown\', 50), generator.rewardQuantityProduct(\'shield\', 50), generator.rewardQuantityProduct(\'slingshot\', 50), generator.rewardQuantityProduct(\'ready\', 50), generator.rewardQuantityProduct(\'juggernaut\', 50), generator.rewardQuantityProduct(\'emergencyevade\', 50), generator.rewardQuantityProduct(\'team_emergencyevade\', 50), generator.rewardQuantityProduct(\'nosshot\', 50), generator.rewardQuantityProduct(\'team_slingshot\', 50)])'),
       (172, 'GM_ACHIEVEMENT_0000016F', '$150,000 Cash', 'generator.cashReward(150000)'),
       (173, 'GM_ACHIEVEMENT_00000170', 'Run Flats x10', 'generator.rewardQuantityProduct(\'runflattires\', 10)'),
       (174, 'GM_ACHIEVEMENT_00000172', '2-Star Performance Part',
        'generator.findRandomRatedItemByProdType(\'performancepart\', 2)'),
       (175, 'GM_ACHIEVEMENT_00000173', 'Team Evade x10',
        'generator.rewardQuantityProduct(\'team_emergencyevade\', 10)'),
       (176, 'GM_ACHIEVEMENT_00000176', '2-Star Explore Skill Mod',
        'generator.findRandomRatedItem(\'skillmod_explore\', 2)'),
       (177, 'GM_ACHIEVEMENT_00000177', '3-Star Explore Skill Mod',
        'generator.findRandomRatedItem(\'skillmod_explore\', 3)'),
       (178, 'GM_ACHIEVEMENT_00000178', '\"365\" Licence Plate', 'e'),
       (179, 'GM_ACHIEVEMENT_0000017B', '4-Star Drag Skill Mod', 'generator.findRandomRatedItem(\'skillmod_drag\', 4)'),
       (180, 'GM_ACHIEVEMENT_00000180', 'Window Tint', 'e'),
       (181, 'GM_ACHIEVEMENT_00000182', 'Neon', 'e'),
       (182, 'GM_ACHIEVEMENT_00000188', '3-Star Performance Part',
        'generator.findRandomRatedItemByProdType(\'performancepart\', 3)'),
       (183, 'GM_ACHIEVEMENT_0000018B', 'Rewards Booster Skill Pack',
        'generator.getCardPack(\'cardpack_skillmods_gold_rewardsbooster\')'),
       (184, 'GM_ACHIEVEMENT_00000192', 'Race Skill Pack', 'generator.getCardPack(\'cardpack_skillmods_gold\')'),
       (185, 'GM_ACHIEVEMENT_00000198', 'Team Escape Skill Pack', 'generator.getCardPack(\'cardpack_skillmods_gold\')'),
       (186, 'GM_ACHIEVEMENT_00000199', 'Developer Care Package', 'generator.getCardPack(\'cardpack_carprize\')'),
       (187, 'GM_ACHIEVEMENT_0000019C', '\"$$$$$\" Licence Plate',
        'generator.rewardQuantityProduct(\'LICENSE_PLATE_ACH_CASH\', 1)'),
       (188, 'GM_ACHIEVEMENT_0000019D', '\"Beta\" Licence Plate',
        'generator.rewardQuantityProduct(\'LICENSE_PLATE_ACH_BETA\', 1)'),
       (189, 'GM_ACHIEVEMENT_0000019E', '\"1-Year\" Licence Plate x5',
        'generator.rewardQuantityProduct(\'LICENSE_PLATE_ACH_1YEAR\', 5)'),
       (190, 'GM_ACHIEVEMENT_0000019F', '\"2-Year\" Licence Plate x5',
        'generator.rewardQuantityProduct(\'LICENSE_PLATE_ACH_2YEAR\', 5)'),
       (191, 'GM_ACHIEVEMENT_000001A0', '\"3-Year\" Licence Plate x5',
        'generator.rewardQuantityProduct(\'LICENSE_PLATE_ACH_3YEAR\', 5)'),
       (192, 'GM_ACHIEVEMENT_000001A1', '\"4-Year\" Licence Plate x5',
        'generator.rewardQuantityProduct(\'LICENSE_PLATE_ACH_4YEAR\', 5)'),
       (193, 'GM_ACHIEVEMENT_000001A2', '\"5-Year\" Licence Plate x5',
        'generator.rewardQuantityProduct(\'LICENSE_PLATE_ACH_5YEAR\', 5)'),
       (194, 'GM_ACHIEVEMENT_000001A3', '3-Star Explorer Skill Mod',
        'generator.generateSingleItem(\'cashreward_explore_03_c\')'),
       (195, 'GM_ACHIEVEMENT_00000281', 'Explore Skill Pack', 'generator.getCardPack(\'cardpack_skillmods_gold\')'),
       (196, 'GM_ACHIEVEMENT_00000282', '4-Star Brakes', 'generator.findRandomRatedItem(\'ppart_brakes\', 4)'),
       (197, 'GM_ACHIEVEMENT_00000283', '2-Star Rampage Skill Mod',
        'generator.generateSingleItem(\'juggernaut_duration_02_c\')'),
       (198, 'GM_ACHIEVEMENT_00000284', '500,000 Cash', 'generator.cashReward(500000)'),
       (199, 'GM_ACHIEVEMENT_00000285', '4-Star Aerodynamic Skill Mod',
        'generator.generateSingleItem(\'slingshot_power_04_c\')'),
       (200, 'GM_ACHIEVEMENT_00000286', '2-Star Momentum Skill Mod',
        'generator.generateSingleItem(\'slingshot_duration_02_c\')'),
       (201, 'GM_ACHIEVEMENT_00000287', '20.000 Cash', 'generator.cashReward(20000)'),
       (202, 'GM_ACHIEVEMENT_00000288', '2-Star Demolition Skill Mod',
        'generator.generateSingleItem(\'juggernaut_power_02_c\')'),
       (203, 'TXT_CARDPACK_DIAMOND', 'Diamond Pack', 'generator.getCardPack(\'cardpack_blackdiamond\')'),
       (204, 'GM_CATALOG_000049C6', 'Pagani Zonda Cinque \"Sleigh Runner\"',
        'generator.generateSingleItem(\'car1004_DRAG_HOL\')'),
       (205, 'GM_CATALOG_00001D69', 'Tier 3 Platinum Pack', 'generator.getCardPack(\'cardpack_t3_platinumA\')'),
       (206, 'GM_CATALOG_00001D67', 'Tier 2 Platinum Pack', 'generator.getCardPack(\'cardpack_t2_platinumA\')'),
       (207, 'GM_CATALOG_00001D65', 'Tier 1 Platinum Pack', 'generator.getCardPack(\'cardpack_t1_platinumA\')');
/*!40000 ALTER TABLE `ACHIEVEMENT_REWARD`
    ENABLE KEYS */;
UNLOCK TABLES;
/*!40103 SET TIME_ZONE = @OLD_TIME_ZONE */;

/*!40101 SET SQL_MODE = @OLD_SQL_MODE */;
/*!40014 SET FOREIGN_KEY_CHECKS = @OLD_FOREIGN_KEY_CHECKS */;
/*!40014 SET UNIQUE_CHECKS = @OLD_UNIQUE_CHECKS */;
/*!40101 SET CHARACTER_SET_CLIENT = @OLD_CHARACTER_SET_CLIENT */;
/*!40101 SET CHARACTER_SET_RESULTS = @OLD_CHARACTER_SET_RESULTS */;
/*!40101 SET COLLATION_CONNECTION = @OLD_COLLATION_CONNECTION */;
/*!40111 SET SQL_NOTES = @OLD_SQL_NOTES */;

-- Dump completed on 2020-05-03  0:27:53
